REMARK This script is executed and used for test cases only that employ the NewDBServiceProvider

REMARK Testing WMFlag (Tests IF3.2; must be consistent with NewDb and FuzzyDB for proper testing of system funcionality)
REMARK Primary WM-contract,single campaign
INSERT INTO NEWDB_CAMPAIGN (CUSTOMER_ID,CAMPAIGN_ID,OPERATION_DATE) VALUES ('1111111111','111','2011-01-01');
INSERT INTO NEWDB_CAMPAIGN_CONF (CAMPAIGN_ID,CAMPAIGN_TYPE,OPERATION_DATE) VALUES ('111','WashMachine','2011-01-01');
REMARK Secondary WM-contract,single campaign
INSERT INTO NEWDB_CAMPAIGN (CUSTOMER_ID,CAMPAIGN_ID,OPERATION_DATE) VALUES ('2222222222','222','2011-01-01');
INSERT INTO NEWDB_CAMPAIGN_CONF (CAMPAIGN_ID,CAMPAIGN_TYPE,OPERATION_DATE) VALUES ('222','WashMachine','2011-01-01');
REMARK No WM-contract,multiple campaigns
INSERT INTO NEWDB_CAMPAIGN (CUSTOMER_ID,CAMPAIGN_ID,OPERATION_DATE) VALUES ('3333333333','333','2011-01-01');
INSERT INTO NEWDB_CAMPAIGN_CONF (CAMPAIGN_ID,CAMPAIGN_TYPE,OPERATION_DATE) VALUES ('333','TimeMachine','2011-01-01');

INSERT INTO NEWDB_CAMPAIGN (CUSTOMER_ID,CAMPAIGN_ID,OPERATION_DATE) VALUES ('3333333333','3334','2011-01-01');
INSERT INTO NEWDB_CAMPAIGN_CONF (CAMPAIGN_ID,CAMPAIGN_TYPE,OPERATION_DATE) VALUES ('3334','SkyMachine','2011-01-01');

INSERT INTO NEWDB_CAMPAIGN (CUSTOMER_ID,CAMPAIGN_ID,OPERATION_DATE) VALUES ('4123456789','620','2011-01-01');
INSERT INTO NEWDB_CAMPAIGN_CONF (CAMPAIGN_ID,CAMPAIGN_TYPE,OPERATION_DATE) VALUES ('620','WashMachine','2011-01-01');

INSERT INTO NEWDB_CAMPAIGN (CUSTOMER_ID,CAMPAIGN_ID,OPERATION_DATE) VALUES ('6100424268','6100','2011-01-01');
INSERT INTO NEWDB_CAMPAIGN_CONF (CAMPAIGN_ID,CAMPAIGN_TYPE,OPERATION_DATE) VALUES ('6100','WashMachine','2011-01-01');
REMARK Test-Customer
INSERT INTO NEWDB_CAMPAIGN (CUSTOMER_ID,CAMPAIGN_ID,OPERATION_DATE) VALUES ('5159444220','515','2011-01-01');
INSERT INTO NEWDB_CAMPAIGN_CONF (CAMPAIGN_ID,CAMPAIGN_TYPE,OPERATION_DATE) VALUES ('515','TimeMachine','2011-01-01');

REMARK Primary WM-contract,single campaign
INSERT INTO NEWDB_CUSTOMER (CUSTOMER_ID,MOBILE_NUMBER,EMAIL_ADDRESS,FIRST_NAME,LAST_NAME,TELEPHONE_NUMBER,ROW_ID,OPERATION_DATE) VALUES ('1347664559','Unknown','test@cirquent.de','Manfred','Mustermann','Unknown','1-4123456789','2011-11-01');
INSERT INTO NEWDB_CUSTOMER (CUSTOMER_ID,MOBILE_NUMBER,EMAIL_ADDRESS,FIRST_NAME,LAST_NAME,TELEPHONE_NUMBER,ROW_ID,OPERATION_DATE) VALUES ('1111111111','Unknown','test@cirquent.de','Manfred','Mustermann','Unknown','1-4123456789','2011-01-01');
INSERT INTO NEWDB_CUSTOMER (CUSTOMER_ID,MOBILE_NUMBER,EMAIL_ADDRESS,FIRST_NAME,LAST_NAME,TELEPHONE_NUMBER,ROW_ID,OPERATION_DATE) VALUES ('2222222222','Unknown','test@cirquent.de','Manfred','Mustermann','Unknown','1-4123456789','2011-01-01');
INSERT INTO NEWDB_CUSTOMER (CUSTOMER_ID,MOBILE_NUMBER,EMAIL_ADDRESS,FIRST_NAME,LAST_NAME,TELEPHONE_NUMBER,ROW_ID,OPERATION_DATE) VALUES ('3333333333','Unknown','test@cirquent.de','Manfred','Mustermann','Unknown','1-4123456789','2011-01-01');
INSERT INTO NEWDB_CUSTOMER (CUSTOMER_ID,MOBILE_NUMBER,EMAIL_ADDRESS,FIRST_NAME,LAST_NAME,TELEPHONE_NUMBER,ROW_ID,OPERATION_DATE) VALUES ('6100424268','Unknown','david.vogt@cirquent.de','Manfred','Mustermann','Unknown','1-4123456789','2011-01-01');
INSERT INTO NEWDB_CUSTOMER (CUSTOMER_ID,MOBILE_NUMBER,EMAIL_ADDRESS,FIRST_NAME,LAST_NAME,TELEPHONE_NUMBER,ROW_ID,OPERATION_DATE) VALUES ('5159444220','+491634212000','Patrick.Daecher@nix.local','Patrick','Daecher','0431 72 82 82','1-5159444220','2011-01-01');
INSERT INTO NEWDB_CUSTOMER (CUSTOMER_ID,MOBILE_NUMBER,EMAIL_ADDRESS,FIRST_NAME,LAST_NAME,TELEPHONE_NUMBER,ROW_ID,OPERATION_DATE) VALUES ('4123456789','Unknown','david.vogt@cirquent.de','Manfred','Mustermann','Unknown','1-4123456789','2011-01-01');
INSERT INTO NEWDB_CUSTOMER (CUSTOMER_ID,MOBILE_NUMBER,EMAIL_ADDRESS,FIRST_NAME,LAST_NAME,TELEPHONE_NUMBER,ROW_ID,OPERATION_DATE) VALUES ('P000430','0123546587',null,'MARLENE','BLAU','-','1-P000430','2011-01-01');
INSERT INTO NEWDB_CUSTOMER (CUSTOMER_ID,MOBILE_NUMBER,EMAIL_ADDRESS,FIRST_NAME,LAST_NAME,TELEPHONE_NUMBER,ROW_ID,OPERATION_DATE) VALUES ('P000432','01702265489',null,'MARTHA','MANNIONI','-','1-P000432','2011-01-01');
INSERT INTO NEWDB_CUSTOMER (CUSTOMER_ID,MOBILE_NUMBER,EMAIL_ADDRESS,FIRST_NAME,LAST_NAME,TELEPHONE_NUMBER,ROW_ID,OPERATION_DATE) VALUES ('1107000779','-','test@test.de','UBICATIONAS','BILLING','0492367426','1-1107000','2011-01-01');
INSERT INTO NEWDB_CUSTOMER (CUSTOMER_ID,MOBILE_NUMBER,EMAIL_ADDRESS,FIRST_NAME,LAST_NAME,TELEPHONE_NUMBER,ROW_ID,OPERATION_DATE) VALUES ('1111961206','-',null,'ANGELIKA','YÜZGEC','01638360882','1-1111961','2011-01-01');
INSERT INTO NEWDB_CUSTOMER (CUSTOMER_ID,MOBILE_NUMBER,EMAIL_ADDRESS,FIRST_NAME,LAST_NAME,TELEPHONE_NUMBER,ROW_ID,OPERATION_DATE) VALUES ('1203634913','-',null,'JÜRGEN','MEIER','09118147768','1-1203634','2011-01-01');
INSERT INTO NEWDB_CUSTOMER (CUSTOMER_ID,MOBILE_NUMBER,EMAIL_ADDRESS,FIRST_NAME,LAST_NAME,TELEPHONE_NUMBER,ROW_ID,OPERATION_DATE) VALUES ('1302297222','-',null,'AXEL','WENING','0208672182','1-1302297','2011-01-01');
INSERT INTO NEWDB_CUSTOMER (CUSTOMER_ID,MOBILE_NUMBER,EMAIL_ADDRESS,FIRST_NAME,LAST_NAME,TELEPHONE_NUMBER,ROW_ID,OPERATION_DATE) VALUES ('1303022750','-','gueven.kabakci@hotmail.com','GÜVEN','KABAKCI','06095995207','1-1303022','2011-01-01');
INSERT INTO NEWDB_CUSTOMER (CUSTOMER_ID,MOBILE_NUMBER,EMAIL_ADDRESS,FIRST_NAME,LAST_NAME,TELEPHONE_NUMBER,ROW_ID,OPERATION_DATE) VALUES ('1305928478','-',null,'MICHAEL','ROMANOWSKI','01722634177','1-1305928','2011-01-01');
INSERT INTO NEWDB_CUSTOMER (CUSTOMER_ID,MOBILE_NUMBER,EMAIL_ADDRESS,FIRST_NAME,LAST_NAME,TELEPHONE_NUMBER,ROW_ID,OPERATION_DATE) VALUES ('1307000791','-',null,'GIORGIO','STAMPA3','07654345','1-1307000','2011-01-01');
INSERT INTO NEWDB_CUSTOMER (CUSTOMER_ID,MOBILE_NUMBER,EMAIL_ADDRESS,FIRST_NAME,LAST_NAME,TELEPHONE_NUMBER,ROW_ID,OPERATION_DATE) VALUES ('1404913109','-',null,'WOLFGANG','ZEITZMANN','0305412169','1-1404913','2011-01-01');
INSERT INTO NEWDB_CUSTOMER (CUSTOMER_ID,MOBILE_NUMBER,EMAIL_ADDRESS,FIRST_NAME,LAST_NAME,TELEPHONE_NUMBER,ROW_ID,OPERATION_DATE) VALUES ('1407000896','-','T@TEST.DE','TEST_FABBIO','TEST_FABBIO','0345678987654','1-1407000','2011-01-01');
INSERT INTO NEWDB_CUSTOMER (CUSTOMER_ID,MOBILE_NUMBER,EMAIL_ADDRESS,FIRST_NAME,LAST_NAME,TELEPHONE_NUMBER,ROW_ID,OPERATION_DATE) VALUES ('1411988454','-','anne-katrin85@gmx.de','ANNE-KATRIN','STOLL','03616026138','1-1411988','2011-01-01');
INSERT INTO NEWDB_CUSTOMER (CUSTOMER_ID,MOBILE_NUMBER,EMAIL_ADDRESS,FIRST_NAME,LAST_NAME,TELEPHONE_NUMBER,ROW_ID,OPERATION_DATE) VALUES ('1500571250','-',null,'ARMIN','KLAPDOR','02744932275','1-1500571','2011-01-01');
INSERT INTO NEWDB_CUSTOMER (CUSTOMER_ID,MOBILE_NUMBER,EMAIL_ADDRESS,FIRST_NAME,LAST_NAME,TELEPHONE_NUMBER,ROW_ID,OPERATION_DATE) VALUES ('1507000749','-','test@test.de','DEVTEST','IVR2','02329329','1-1507000','2011-01-01');
INSERT INTO NEWDB_CUSTOMER (CUSTOMER_ID,MOBILE_NUMBER,EMAIL_ADDRESS,FIRST_NAME,LAST_NAME,TELEPHONE_NUMBER,ROW_ID,OPERATION_DATE) VALUES ('1607000755','-','TEST@TEST.DE','TEST','LOG MAN KBW-5','023451235612','1-1607000','2011-01-01');
INSERT INTO NEWDB_CUSTOMER (CUSTOMER_ID,MOBILE_NUMBER,EMAIL_ADDRESS,FIRST_NAME,LAST_NAME,TELEPHONE_NUMBER,ROW_ID,OPERATION_DATE) VALUES ('1707000761','-','efvwe@fdfk.it','MARIO','COCCO','023838383','1-1707000','2011-01-01');
INSERT INTO NEWDB_CUSTOMER (CUSTOMER_ID,MOBILE_NUMBER,EMAIL_ADDRESS,FIRST_NAME,LAST_NAME,TELEPHONE_NUMBER,ROW_ID,OPERATION_DATE) VALUES ('1804276860','-','berger-hermsdorf@t-online.de','MANFRED','BERGER','03723413868','1-1804276','2011-01-01');
INSERT INTO NEWDB_CUSTOMER (CUSTOMER_ID,MOBILE_NUMBER,EMAIL_ADDRESS,FIRST_NAME,LAST_NAME,TELEPHONE_NUMBER,ROW_ID,OPERATION_DATE) VALUES ('1807000807','-','fv@edjk.it','CICCIO','LIFE','0238383838','1-1807000','2011-01-01');
INSERT INTO NEWDB_CUSTOMER (CUSTOMER_ID,MOBILE_NUMBER,EMAIL_ADDRESS,FIRST_NAME,LAST_NAME,TELEPHONE_NUMBER,ROW_ID,OPERATION_DATE) VALUES ('1911961071','-',null,'ADELHEID','PLANKEN','0230561624','1-1911961','2011-01-01');
INSERT INTO NEWDB_CUSTOMER (CUSTOMER_ID,MOBILE_NUMBER,EMAIL_ADDRESS,FIRST_NAME,LAST_NAME,TELEPHONE_NUMBER,ROW_ID,OPERATION_DATE) VALUES ('2107000790','-','io@io.de','GIORGIO','STAMPA3','0987657890','1-2107000','2011-01-01');
INSERT INTO NEWDB_CUSTOMER (CUSTOMER_ID,MOBILE_NUMBER,EMAIL_ADDRESS,FIRST_NAME,LAST_NAME,TELEPHONE_NUMBER,ROW_ID,OPERATION_DATE) VALUES ('2205060814','-','k.richter@web.de','KARSTEN','RICHTER','01723643685','1-2205060','2011-01-01');
INSERT INTO NEWDB_CUSTOMER (CUSTOMER_ID,MOBILE_NUMBER,EMAIL_ADDRESS,FIRST_NAME,LAST_NAME,TELEPHONE_NUMBER,ROW_ID,OPERATION_DATE) VALUES ('2300683413','-','karl.becker@telebel-dsl.de','MAGDALENE','BECKER','02122441988','1-2300683','2011-01-01');
INSERT INTO NEWDB_CUSTOMER (CUSTOMER_ID,MOBILE_NUMBER,EMAIL_ADDRESS,FIRST_NAME,LAST_NAME,TELEPHONE_NUMBER,ROW_ID,OPERATION_DATE) VALUES ('2307000748','-','test@test.de','DEVTEST','IVR','02328328','1-2307000','2011-01-01');
INSERT INTO NEWDB_CUSTOMER (CUSTOMER_ID,MOBILE_NUMBER,EMAIL_ADDRESS,FIRST_NAME,LAST_NAME,TELEPHONE_NUMBER,ROW_ID,OPERATION_DATE) VALUES ('2400478149','-',null,'BJÖRN','SCHWANDT','03378202313','1-2400478','2011-01-01');
INSERT INTO NEWDB_CUSTOMER (CUSTOMER_ID,MOBILE_NUMBER,EMAIL_ADDRESS,FIRST_NAME,LAST_NAME,TELEPHONE_NUMBER,ROW_ID,OPERATION_DATE) VALUES ('2707000777','-','test@test.de','OLD','TEST1','032345674','1-2707000','2011-01-01');
INSERT INTO NEWDB_CUSTOMER (CUSTOMER_ID,MOBILE_NUMBER,EMAIL_ADDRESS,FIRST_NAME,LAST_NAME,TELEPHONE_NUMBER,ROW_ID,OPERATION_DATE) VALUES ('2809388171','-','nico-norbi@freenet.de','NICO','PFENNIG','03383541719','1-2809388','2011-01-01');
INSERT INTO NEWDB_CUSTOMER (CUSTOMER_ID,MOBILE_NUMBER,EMAIL_ADDRESS,FIRST_NAME,LAST_NAME,TELEPHONE_NUMBER,ROW_ID,OPERATION_DATE) VALUES ('2903173340','-',null,'BRUNO','MICHLBAUER','086312780','1-2903173','2011-01-01');
INSERT INTO NEWDB_CUSTOMER (CUSTOMER_ID,MOBILE_NUMBER,EMAIL_ADDRESS,FIRST_NAME,LAST_NAME,TELEPHONE_NUMBER,ROW_ID,OPERATION_DATE) VALUES ('2905889377','-',null,'KLAUS-JÜRGEN','NEUMANN','03361304871','1-2905889','2011-01-01');
INSERT INTO NEWDB_CUSTOMER (CUSTOMER_ID,MOBILE_NUMBER,EMAIL_ADDRESS,FIRST_NAME,LAST_NAME,TELEPHONE_NUMBER,ROW_ID,OPERATION_DATE) VALUES ('2907000636','-',null,'RINO','MALACCIO','073737373','1-2907000','2011-01-01');
INSERT INTO NEWDB_CUSTOMER (CUSTOMER_ID,MOBILE_NUMBER,EMAIL_ADDRESS,FIRST_NAME,LAST_NAME,TELEPHONE_NUMBER,ROW_ID,OPERATION_DATE) VALUES ('3000549538','-','junkerklaus@t-online.de','KLAUS','JUNKER','05854969999','1-3000549','2011-01-01');
INSERT INTO NEWDB_CUSTOMER (CUSTOMER_ID,MOBILE_NUMBER,EMAIL_ADDRESS,FIRST_NAME,LAST_NAME,TELEPHONE_NUMBER,ROW_ID,OPERATION_DATE) VALUES ('3011951839','-',null,'CHRISTIAN','LIEBRICH','015119303162','1-3011951','2011-01-01');
INSERT INTO NEWDB_CUSTOMER (CUSTOMER_ID,MOBILE_NUMBER,EMAIL_ADDRESS,FIRST_NAME,LAST_NAME,TELEPHONE_NUMBER,ROW_ID,OPERATION_DATE) VALUES ('3040000595','-','q@q.de','TEST','TEST','0234235234','1-3040000','2011-01-01');
INSERT INTO NEWDB_CUSTOMER (CUSTOMER_ID,MOBILE_NUMBER,EMAIL_ADDRESS,FIRST_NAME,LAST_NAME,TELEPHONE_NUMBER,ROW_ID,OPERATION_DATE) VALUES ('3207000659','-','test@test.de','TEST','IVR14','023456789','1-3207000','2011-01-01');
INSERT INTO NEWDB_CUSTOMER (CUSTOMER_ID,MOBILE_NUMBER,EMAIL_ADDRESS,FIRST_NAME,LAST_NAME,TELEPHONE_NUMBER,ROW_ID,OPERATION_DATE) VALUES ('3307000700','-',null,'NOME33','COGNOME33','01020304','1-3307000','2011-01-01');
INSERT INTO NEWDB_CUSTOMER (CUSTOMER_ID,MOBILE_NUMBER,EMAIL_ADDRESS,FIRST_NAME,LAST_NAME,TELEPHONE_NUMBER,ROW_ID,OPERATION_DATE) VALUES ('3400874639','-',null,'ANDREAS','JAHN','08268738','1-3400874','2011-01-01');
INSERT INTO NEWDB_CUSTOMER (CUSTOMER_ID,MOBILE_NUMBER,EMAIL_ADDRESS,FIRST_NAME,LAST_NAME,TELEPHONE_NUMBER,ROW_ID,OPERATION_DATE) VALUES ('3507000969','-','kölle@llaa.ff','TEST','CRM_20','0123456789','1-3507000','2011-01-01');
INSERT INTO NEWDB_CUSTOMER (CUSTOMER_ID,MOBILE_NUMBER,EMAIL_ADDRESS,FIRST_NAME,LAST_NAME,TELEPHONE_NUMBER,ROW_ID,OPERATION_DATE) VALUES ('3607000782','-','test@test.de','TEST','KDG91','02329329','1-3607000','2011-01-01');
INSERT INTO NEWDB_CUSTOMER (CUSTOMER_ID,MOBILE_NUMBER,EMAIL_ADDRESS,FIRST_NAME,LAST_NAME,TELEPHONE_NUMBER,ROW_ID,OPERATION_DATE) VALUES ('3807000834','-','io@io.de','GIORGIO','LISTINO','0987654','1-3807000','2011-01-01');
INSERT INTO NEWDB_CUSTOMER (CUSTOMER_ID,MOBILE_NUMBER,EMAIL_ADDRESS,FIRST_NAME,LAST_NAME,TELEPHONE_NUMBER,ROW_ID,OPERATION_DATE) VALUES ('3911962938','-','juergi68@hotmail.de','JÜRGEN-HEINZ','KRAUS','06482941585','1-3911962','2011-01-01');
INSERT INTO NEWDB_CUSTOMER (CUSTOMER_ID,MOBILE_NUMBER,EMAIL_ADDRESS,FIRST_NAME,LAST_NAME,TELEPHONE_NUMBER,ROW_ID,OPERATION_DATE) VALUES ('4000952054','-','christian.christiane@web.de','CHRISTIAN','GRÄBE','0643030152','1-4000952','2011-01-01');
INSERT INTO NEWDB_CUSTOMER (CUSTOMER_ID,MOBILE_NUMBER,EMAIL_ADDRESS,FIRST_NAME,LAST_NAME,TELEPHONE_NUMBER,ROW_ID,OPERATION_DATE) VALUES ('4040000646','-','werty@ji.com','TEST678','TEST678','04898765432','1-4040000','2011-01-01');
INSERT INTO NEWDB_CUSTOMER (CUSTOMER_ID,MOBILE_NUMBER,EMAIL_ADDRESS,FIRST_NAME,LAST_NAME,TELEPHONE_NUMBER,ROW_ID,OPERATION_DATE) VALUES ('4101281596','-','tetz@tetz-ingenieure.de','CHRISTOPH','TETZ','02433911013','1-4101281','2011-01-01');
INSERT INTO NEWDB_CUSTOMER (CUSTOMER_ID,MOBILE_NUMBER,EMAIL_ADDRESS,FIRST_NAME,LAST_NAME,TELEPHONE_NUMBER,ROW_ID,OPERATION_DATE) VALUES ('4106446060','-','ralf.rockenbuch@t-online.de','RALF','ROCKENBUCH','06050906885','1-4106446','2011-01-01');
INSERT INTO NEWDB_CUSTOMER (CUSTOMER_ID,MOBILE_NUMBER,EMAIL_ADDRESS,FIRST_NAME,LAST_NAME,TELEPHONE_NUMBER,ROW_ID,OPERATION_DATE) VALUES ('4107000951','-','hier.s@nm.ia','TEST','CRM_14','081064544545','1-4107000','2011-01-01');
INSERT INTO NEWDB_CUSTOMER (CUSTOMER_ID,MOBILE_NUMBER,EMAIL_ADDRESS,FIRST_NAME,LAST_NAME,TELEPHONE_NUMBER,ROW_ID,OPERATION_DATE) VALUES ('4111955291','-',null,'SUSI CHRISTINE','FLOCK','023813707623','1-4111955','2011-01-01');
INSERT INTO NEWDB_CUSTOMER (CUSTOMER_ID,MOBILE_NUMBER,EMAIL_ADDRESS,FIRST_NAME,LAST_NAME,TELEPHONE_NUMBER,ROW_ID,OPERATION_DATE) VALUES ('4204641967','-',null,'HANS-JÜRGEN','WELLNER','03662420373','1-4204641','2011-01-01');
INSERT INTO NEWDB_CUSTOMER (CUSTOMER_ID,MOBILE_NUMBER,EMAIL_ADDRESS,FIRST_NAME,LAST_NAME,TELEPHONE_NUMBER,ROW_ID,OPERATION_DATE) VALUES ('4300376008','0342342234','kkkkkkkkk@dsfsd.it','MARTIN','SELL','0000876876','1-4300376','2011-01-01');
INSERT INTO NEWDB_CUSTOMER (CUSTOMER_ID,MOBILE_NUMBER,EMAIL_ADDRESS,FIRST_NAME,LAST_NAME,TELEPHONE_NUMBER,ROW_ID,OPERATION_DATE) VALUES ('4306053980','-',null,'RALF','HENSEL','0232560386','1-4306053','2011-01-01');
INSERT INTO NEWDB_CUSTOMER (CUSTOMER_ID,MOBILE_NUMBER,EMAIL_ADDRESS,FIRST_NAME,LAST_NAME,TELEPHONE_NUMBER,ROW_ID,OPERATION_DATE) VALUES ('4307000716','-','test@gmail.com','TEST','LOGISTIC 3','034567890','1-4307000','2011-01-01');
INSERT INTO NEWDB_CUSTOMER (CUSTOMER_ID,MOBILE_NUMBER,EMAIL_ADDRESS,FIRST_NAME,LAST_NAME,TELEPHONE_NUMBER,ROW_ID,OPERATION_DATE) VALUES ('4307000775','-','mmeyers@freemail.de','MARK','MEYERS','04065438765','1-4307000','2011-01-01');
INSERT INTO NEWDB_CUSTOMER (CUSTOMER_ID,MOBILE_NUMBER,EMAIL_ADDRESS,FIRST_NAME,LAST_NAME,TELEPHONE_NUMBER,ROW_ID,OPERATION_DATE) VALUES ('4400328306','-',null,'CHRISTINE','JANSEN','041217010051','1-4400328','2011-01-01');
INSERT INTO NEWDB_CUSTOMER (CUSTOMER_ID,MOBILE_NUMBER,EMAIL_ADDRESS,FIRST_NAME,LAST_NAME,TELEPHONE_NUMBER,ROW_ID,OPERATION_DATE) VALUES ('4400806187','-',null,'MONIKA','SIEVI','0896132952','1-4400806','2011-01-01');
INSERT INTO NEWDB_CUSTOMER (CUSTOMER_ID,MOBILE_NUMBER,EMAIL_ADDRESS,FIRST_NAME,LAST_NAME,TELEPHONE_NUMBER,ROW_ID,OPERATION_DATE) VALUES ('4400906090','-',null,'JOACHIM','GUTSCHNER','03616436751','1-4400906','2011-01-01');
INSERT INTO NEWDB_CUSTOMER (CUSTOMER_ID,MOBILE_NUMBER,EMAIL_ADDRESS,FIRST_NAME,LAST_NAME,TELEPHONE_NUMBER,ROW_ID,OPERATION_DATE) VALUES ('4407000687','-','t@test.de','TEST_LAU10','TEST_LAU10','06286843784','1-4407000','2011-01-01');
INSERT INTO NEWDB_CUSTOMER (CUSTOMER_ID,MOBILE_NUMBER,EMAIL_ADDRESS,FIRST_NAME,LAST_NAME,TELEPHONE_NUMBER,ROW_ID,OPERATION_DATE) VALUES ('4411920357','-',null,'ANNA','HENSE','06766978046','1-4411920','2011-01-01');
INSERT INTO NEWDB_CUSTOMER (CUSTOMER_ID,MOBILE_NUMBER,EMAIL_ADDRESS,FIRST_NAME,LAST_NAME,TELEPHONE_NUMBER,ROW_ID,OPERATION_DATE) VALUES ('4500780384','-','michael.sporrer@t-online.de','MICHAELA','SPOR','09971760721','1-4500780','2011-01-01');
INSERT INTO NEWDB_CUSTOMER (CUSTOMER_ID,MOBILE_NUMBER,EMAIL_ADDRESS,FIRST_NAME,LAST_NAME,TELEPHONE_NUMBER,ROW_ID,OPERATION_DATE) VALUES ('4502208214','-',null,'MARION','BÄSLER','042226309','1-4502208','2011-01-01');
INSERT INTO NEWDB_CUSTOMER (CUSTOMER_ID,MOBILE_NUMBER,EMAIL_ADDRESS,FIRST_NAME,LAST_NAME,TELEPHONE_NUMBER,ROW_ID,OPERATION_DATE) VALUES ('4603455404','-',null,'ANDREAS','ZENGER','089494585','1-4603455','2011-01-01');
INSERT INTO NEWDB_CUSTOMER (CUSTOMER_ID,MOBILE_NUMBER,EMAIL_ADDRESS,FIRST_NAME,LAST_NAME,TELEPHONE_NUMBER,ROW_ID,OPERATION_DATE) VALUES ('4607000798','-','t@mail.de','TEST4','TEST4','0987654543','1-4607000','2011-01-01');
INSERT INTO NEWDB_CUSTOMER (CUSTOMER_ID,MOBILE_NUMBER,EMAIL_ADDRESS,FIRST_NAME,LAST_NAME,TELEPHONE_NUMBER,ROW_ID,OPERATION_DATE) VALUES ('4612040503','-',null,'FRANK','TRAPPEIN','01632136592','1-4612040','2011-01-01');
INSERT INTO NEWDB_CUSTOMER (CUSTOMER_ID,MOBILE_NUMBER,EMAIL_ADDRESS,FIRST_NAME,LAST_NAME,TELEPHONE_NUMBER,ROW_ID,OPERATION_DATE) VALUES ('4700291040','-',null,'DANNY GEERT','JODTS','08503923074','1-4700291','2011-01-01');
INSERT INTO NEWDB_CUSTOMER (CUSTOMER_ID,MOBILE_NUMBER,EMAIL_ADDRESS,FIRST_NAME,LAST_NAME,TELEPHONE_NUMBER,ROW_ID,OPERATION_DATE) VALUES ('4702122839','-',null,'MANFRED','KOX','021519347254','1-4702122','2011-01-01');
INSERT INTO NEWDB_CUSTOMER (CUSTOMER_ID,MOBILE_NUMBER,EMAIL_ADDRESS,FIRST_NAME,LAST_NAME,TELEPHONE_NUMBER,ROW_ID,OPERATION_DATE) VALUES ('4709334315','-',null,'SONJA','RODE','01745199283','1-4709334','2011-01-01');
INSERT INTO NEWDB_CUSTOMER (CUSTOMER_ID,MOBILE_NUMBER,EMAIL_ADDRESS,FIRST_NAME,LAST_NAME,TELEPHONE_NUMBER,ROW_ID,OPERATION_DATE) VALUES ('4803860754','-',null,'MARTINA','GUHR','0333741431','1-4803860','2011-01-01');
INSERT INTO NEWDB_CUSTOMER (CUSTOMER_ID,MOBILE_NUMBER,EMAIL_ADDRESS,FIRST_NAME,LAST_NAME,TELEPHONE_NUMBER,ROW_ID,OPERATION_DATE) VALUES ('4807000657','-','test@test.de','TEST','IVR12','0234567890','1-4807000','2011-01-01');
INSERT INTO NEWDB_CUSTOMER (CUSTOMER_ID,MOBILE_NUMBER,EMAIL_ADDRESS,FIRST_NAME,LAST_NAME,TELEPHONE_NUMBER,ROW_ID,OPERATION_DATE) VALUES ('4907000663','-','test@test.de','TEST','IVR15','02328328','1-4907000','2011-01-01');
INSERT INTO NEWDB_CUSTOMER (CUSTOMER_ID,MOBILE_NUMBER,EMAIL_ADDRESS,FIRST_NAME,LAST_NAME,TELEPHONE_NUMBER,ROW_ID,OPERATION_DATE) VALUES ('4907000856','-','test@test.de','NOME_TEST7','COGNOME_BILLING7','031246134623','1-4907000','2011-01-01');
INSERT INTO NEWDB_CUSTOMER (CUSTOMER_ID,MOBILE_NUMBER,EMAIL_ADDRESS,FIRST_NAME,LAST_NAME,TELEPHONE_NUMBER,ROW_ID,OPERATION_DATE) VALUES ('4907000950','-','test@test.de','TEST','SUR0807','023456789','1-4907000','2011-01-01');
INSERT INTO NEWDB_CUSTOMER (CUSTOMER_ID,MOBILE_NUMBER,EMAIL_ADDRESS,FIRST_NAME,LAST_NAME,TELEPHONE_NUMBER,ROW_ID,OPERATION_DATE) VALUES ('4911891547','-','rainerunddiana@t-online.de','RAINER','WENDEL','06558900883','1-4911891','2011-01-01');
INSERT INTO NEWDB_CUSTOMER (CUSTOMER_ID,MOBILE_NUMBER,EMAIL_ADDRESS,FIRST_NAME,LAST_NAME,TELEPHONE_NUMBER,ROW_ID,OPERATION_DATE) VALUES ('5007000803','-','t@te.se','TEST_BM3','TEST_BM3','02684723423','1-5007000','2011-01-01');
INSERT INTO NEWDB_CUSTOMER (CUSTOMER_ID,MOBILE_NUMBER,EMAIL_ADDRESS,FIRST_NAME,LAST_NAME,TELEPHONE_NUMBER,ROW_ID,OPERATION_DATE) VALUES ('5102224239','-',null,'HANNELORE','FUSS','0405292673','1-5102224','2011-01-01');
INSERT INTO NEWDB_CUSTOMER (CUSTOMER_ID,MOBILE_NUMBER,EMAIL_ADDRESS,FIRST_NAME,LAST_NAME,TELEPHONE_NUMBER,ROW_ID,OPERATION_DATE) VALUES ('5103270791','-','guido.ter.hell@web.de','GUIDO','TER HELL','0422167870','1-5103270','2011-01-01');
INSERT INTO NEWDB_CUSTOMER (CUSTOMER_ID,MOBILE_NUMBER,EMAIL_ADDRESS,FIRST_NAME,LAST_NAME,TELEPHONE_NUMBER,ROW_ID,OPERATION_DATE) VALUES ('5111955055','-',null,'STEFANIE','GRAHAM','09544984320','1-5111955','2011-01-01');
INSERT INTO NEWDB_CUSTOMER (CUSTOMER_ID,MOBILE_NUMBER,EMAIL_ADDRESS,FIRST_NAME,LAST_NAME,TELEPHONE_NUMBER,ROW_ID,OPERATION_DATE) VALUES ('5201157940','-',null,'RUDOLF','SCHÄFFER','063237152','1-5201157','2011-01-01');
INSERT INTO NEWDB_CUSTOMER (CUSTOMER_ID,MOBILE_NUMBER,EMAIL_ADDRESS,FIRST_NAME,LAST_NAME,TELEPHONE_NUMBER,ROW_ID,OPERATION_DATE) VALUES ('5207000686','-','io@io.it','GIORGIO','XANDREA','03948576','1-5207000','2011-01-01');
INSERT INTO NEWDB_CUSTOMER (CUSTOMER_ID,MOBILE_NUMBER,EMAIL_ADDRESS,FIRST_NAME,LAST_NAME,TELEPHONE_NUMBER,ROW_ID,OPERATION_DATE) VALUES ('5300360907','-',null,'FRANK','RÖLKE','055724407','1-5300360','2011-01-01');
INSERT INTO NEWDB_CUSTOMER (CUSTOMER_ID,MOBILE_NUMBER,EMAIL_ADDRESS,FIRST_NAME,LAST_NAME,TELEPHONE_NUMBER,ROW_ID,OPERATION_DATE) VALUES ('5400922085','-','lothar-steffenhagen@online.de','LOTHAR','STEFFENHAGEN','015204821358','1-5400922','2011-01-01');
INSERT INTO NEWDB_CUSTOMER (CUSTOMER_ID,MOBILE_NUMBER,EMAIL_ADDRESS,FIRST_NAME,LAST_NAME,TELEPHONE_NUMBER,ROW_ID,OPERATION_DATE) VALUES ('5640000644','-','asdft@ji.com','TES243','TES243','0495676543','1-5640000','2011-01-01');
INSERT INTO NEWDB_CUSTOMER (CUSTOMER_ID,MOBILE_NUMBER,EMAIL_ADDRESS,FIRST_NAME,LAST_NAME,TELEPHONE_NUMBER,ROW_ID,OPERATION_DATE) VALUES ('5805642098','-',null,'RUDOLF','SEIFERT','074578964','1-5805642','2011-01-01');
INSERT INTO NEWDB_CUSTOMER (CUSTOMER_ID,MOBILE_NUMBER,EMAIL_ADDRESS,FIRST_NAME,LAST_NAME,TELEPHONE_NUMBER,ROW_ID,OPERATION_DATE) VALUES ('5807000767','-','TE@TE.DE','TEST','LOG MAN KDG-14','03456789','1-5807000','2011-01-01');
INSERT INTO NEWDB_CUSTOMER (CUSTOMER_ID,MOBILE_NUMBER,EMAIL_ADDRESS,FIRST_NAME,LAST_NAME,TELEPHONE_NUMBER,ROW_ID,OPERATION_DATE) VALUES ('5811903677','-',null,'ANTON','SCHMID','015110062576','1-5811903','2011-01-01');
INSERT INTO NEWDB_CUSTOMER (CUSTOMER_ID,MOBILE_NUMBER,EMAIL_ADDRESS,FIRST_NAME,LAST_NAME,TELEPHONE_NUMBER,ROW_ID,OPERATION_DATE) VALUES ('5811970246','-',null,'CHRISTIAN ALEXANDER','LOIDL','06643982949','1-5811970','2011-01-01');
INSERT INTO NEWDB_CUSTOMER (CUSTOMER_ID,MOBILE_NUMBER,EMAIL_ADDRESS,FIRST_NAME,LAST_NAME,TELEPHONE_NUMBER,ROW_ID,OPERATION_DATE) VALUES ('5903474205','-',null,'DIRK','HEUTZENRÖDER','060352087971','1-5903474','2011-01-01');
INSERT INTO NEWDB_CUSTOMER (CUSTOMER_ID,MOBILE_NUMBER,EMAIL_ADDRESS,FIRST_NAME,LAST_NAME,TELEPHONE_NUMBER,ROW_ID,OPERATION_DATE) VALUES ('5907000966','-',null,'ASDAD','ASDADA','-','1-5907000','2011-01-01');
INSERT INTO NEWDB_CUSTOMER (CUSTOMER_ID,MOBILE_NUMBER,EMAIL_ADDRESS,FIRST_NAME,LAST_NAME,TELEPHONE_NUMBER,ROW_ID,OPERATION_DATE) VALUES ('6003764695','-',null,'OTMAR','RAU','0620671911','1-6003764','2011-01-01');
INSERT INTO NEWDB_CUSTOMER (CUSTOMER_ID,MOBILE_NUMBER,EMAIL_ADDRESS,FIRST_NAME,LAST_NAME,TELEPHONE_NUMBER,ROW_ID,OPERATION_DATE) VALUES ('6005021562','-','mittaggmbh@aol.com','WOLFGANG','MITTAG','0202521890','1-6005021','2011-01-01');
INSERT INTO NEWDB_CUSTOMER (CUSTOMER_ID,MOBILE_NUMBER,EMAIL_ADDRESS,FIRST_NAME,LAST_NAME,TELEPHONE_NUMBER,ROW_ID,OPERATION_DATE) VALUES ('6103407361','-',null,'KLAUS','THIERBACH','08084259188','1-6103407','2011-01-01');
INSERT INTO NEWDB_CUSTOMER (CUSTOMER_ID,MOBILE_NUMBER,EMAIL_ADDRESS,FIRST_NAME,LAST_NAME,TELEPHONE_NUMBER,ROW_ID,OPERATION_DATE) VALUES ('6104249019','-',null,'GERHARD','PERNICA','0724273491','1-6104249','2011-01-01');
INSERT INTO NEWDB_CUSTOMER (CUSTOMER_ID,MOBILE_NUMBER,EMAIL_ADDRESS,FIRST_NAME,LAST_NAME,TELEPHONE_NUMBER,ROW_ID,OPERATION_DATE) VALUES ('6107000691','-','io@io.it','GIORGIO','FRA','0987654567','1-6107000','2011-01-01');
INSERT INTO NEWDB_CUSTOMER (CUSTOMER_ID,MOBILE_NUMBER,EMAIL_ADDRESS,FIRST_NAME,LAST_NAME,TELEPHONE_NUMBER,ROW_ID,OPERATION_DATE) VALUES ('6304279297','-','wh.3010@yahoo.de','WOLFRAM','HALBBAUER','0366141529','1-6304279','2011-01-01');
INSERT INTO NEWDB_CUSTOMER (CUSTOMER_ID,MOBILE_NUMBER,EMAIL_ADDRESS,FIRST_NAME,LAST_NAME,TELEPHONE_NUMBER,ROW_ID,OPERATION_DATE) VALUES ('6307000743','-','t@test.de','TEST_LAU78','TEST_LAU78','0264827382','1-6307000','2011-01-01');
INSERT INTO NEWDB_CUSTOMER (CUSTOMER_ID,MOBILE_NUMBER,EMAIL_ADDRESS,FIRST_NAME,LAST_NAME,TELEPHONE_NUMBER,ROW_ID,OPERATION_DATE) VALUES ('6312081135','-',null,'CHRISTEL','LEHMEIER','00','1-6312081','2011-01-01');
INSERT INTO NEWDB_CUSTOMER (CUSTOMER_ID,MOBILE_NUMBER,EMAIL_ADDRESS,FIRST_NAME,LAST_NAME,TELEPHONE_NUMBER,ROW_ID,OPERATION_DATE) VALUES ('6403760849','-',null,'PETRA','GEUER','05205237248','1-6403760','2011-01-01');
INSERT INTO NEWDB_CUSTOMER (CUSTOMER_ID,MOBILE_NUMBER,EMAIL_ADDRESS,FIRST_NAME,LAST_NAME,TELEPHONE_NUMBER,ROW_ID,OPERATION_DATE) VALUES ('6407000655','-','test@test.de','TEST','IVR11','02328328','1-6407000','2011-01-01');
INSERT INTO NEWDB_CUSTOMER (CUSTOMER_ID,MOBILE_NUMBER,EMAIL_ADDRESS,FIRST_NAME,LAST_NAME,TELEPHONE_NUMBER,ROW_ID,OPERATION_DATE) VALUES ('6811948840','-',null,'JENNY','JÜTTNER','07935216781','1-6811948','2011-01-01');
INSERT INTO NEWDB_CUSTOMER (CUSTOMER_ID,MOBILE_NUMBER,EMAIL_ADDRESS,FIRST_NAME,LAST_NAME,TELEPHONE_NUMBER,ROW_ID,OPERATION_DATE) VALUES ('6840000613','-','kj@hmail.com','FASD','ASFDS','0987654','1-6840000','2011-01-01');
INSERT INTO NEWDB_CUSTOMER (CUSTOMER_ID,MOBILE_NUMBER,EMAIL_ADDRESS,FIRST_NAME,LAST_NAME,TELEPHONE_NUMBER,ROW_ID,OPERATION_DATE) VALUES ('6907000690','-','t@tets.de','TEST_E','TEST_E2','083794732947','1-6907000','2011-01-01');
INSERT INTO NEWDB_CUSTOMER (CUSTOMER_ID,MOBILE_NUMBER,EMAIL_ADDRESS,FIRST_NAME,LAST_NAME,TELEPHONE_NUMBER,ROW_ID,OPERATION_DATE) VALUES ('6911969907','-',null,'ERIKA','GRABO','0203586636','1-6911969','2011-01-01');
INSERT INTO NEWDB_CUSTOMER (CUSTOMER_ID,MOBILE_NUMBER,EMAIL_ADDRESS,FIRST_NAME,LAST_NAME,TELEPHONE_NUMBER,ROW_ID,OPERATION_DATE) VALUES ('6940000584','-',null,'GIORGIO','TEST','09876545678','1-6940000584','2011-01-01');

INSERT INTO NEWDB_CONTRACT (CUSTOMER_ID,CONTRACT_ID,HOUSE_NUMBER,STREET,ZIPCODE,CITY,ACCOUNT_NUMBER,BANK_CODE,BANK_ACCOUNT_HOLDER,COUNTRY,WM_FLG,RECEPTION,OPERATOR,PLATFORM,OPERATION_DATE,MANDATE_REF_ID,MANDATE_STATUS,SIGNATURE_FLAG) VALUES ('1347664559','42866474','123','Musterstrasse','12345','Musterheim','12345','12312312','Musterman','DEUTSCHLAND','Y','DVB-T','TELEKOM','Terrestrical','2011-01-01','42866474','PENDING','0');	
INSERT INTO NEWDB_CONTRACT (CUSTOMER_ID,CONTRACT_ID,HOUSE_NUMBER,STREET,ZIPCODE,CITY,ACCOUNT_NUMBER,BANK_CODE,BANK_ACCOUNT_HOLDER,COUNTRY,WM_FLG,RECEPTION,OPERATOR,PLATFORM,OPERATION_DATE,MANDATE_REF_ID,MANDATE_STATUS) VALUES ('1111111111','1111111111','123','Musterstrasse','12345','Musterheim','12345','12312312','Musterman','DEUTSCHLAND','Y','DVB-T','TELEKOM','Terrestrical','2011-01-01','1111111111','PENDING');
INSERT INTO NEWDB_CONTRACT (CUSTOMER_ID,CONTRACT_ID,HOUSE_NUMBER,STREET,ZIPCODE,CITY,ACCOUNT_NUMBER,BANK_CODE,BANK_ACCOUNT_HOLDER,COUNTRY,WM_FLG,RECEPTION,OPERATOR,PLATFORM,OPERATION_DATE,MANDATE_REF_ID,MANDATE_STATUS)VALUES ('2222222222','4444444444','123','Musterstrasse','12345','Musterheim','12345','12312312','Musterman','DEUTSCHLAND','N','DVB_C','SKY','SKY_Go','2011-01-01','1111111111','PENDING');
INSERT INTO NEWDB_CONTRACT (CUSTOMER_ID,CONTRACT_ID,HOUSE_NUMBER,STREET,ZIPCODE,CITY,ACCOUNT_NUMBER,BANK_CODE,BANK_ACCOUNT_HOLDER,COUNTRY,WM_FLG,RECEPTION,OPERATOR,PLATFORM,OPERATION_DATE,MANDATE_REF_ID,MANDATE_STATUS)VALUES ('2222222222','6666666666','123','Musterstrasse','12345','Musterheim','12345','12312312','Musterman','DEUTSCHLAND','Y','DVB_S','TELEKOM','Terrestrical','2011-01-01','1111111111','PENDING');
INSERT INTO NEWDB_CONTRACT (CUSTOMER_ID,CONTRACT_ID,HOUSE_NUMBER,STREET,ZIPCODE,CITY,ACCOUNT_NUMBER,BANK_CODE,BANK_ACCOUNT_HOLDER,COUNTRY,WM_FLG,RECEPTION,OPERATOR,PLATFORM,OPERATION_DATE,MANDATE_REF_ID,MANDATE_STATUS)VALUES ('2222222222','2222222222','123','Musterstrasse','12345','Musterheim','12345','12312312','Musterman','DEUTSCHLAND','Y','DVB_S','TELEKOM','Terrestrical','2011-01-01','1111111111','PENDING');
INSERT INTO NEWDB_CONTRACT (CUSTOMER_ID,CONTRACT_ID,HOUSE_NUMBER,STREET,ZIPCODE,CITY,ACCOUNT_NUMBER,BANK_CODE,BANK_ACCOUNT_HOLDER,COUNTRY,WM_FLG,RECEPTION,OPERATOR,PLATFORM,OPERATION_DATE,MANDATE_REF_ID,MANDATE_STATUS)VALUES ('3333333333','3333333333','123','Musterstrasse','12345','Musterheim','12345','12312312','Musterman','DEUTSCHLAND','N','DVB-T','TELEKOM','Terrestrical','2011-01-01','1111111111','PENDING');
INSERT INTO NEWDB_CONTRACT (CUSTOMER_ID,CONTRACT_ID,HOUSE_NUMBER,STREET,ZIPCODE,CITY,ACCOUNT_NUMBER,BANK_CODE,BANK_ACCOUNT_HOLDER,COUNTRY,WM_FLG,RECEPTION,OPERATOR,PLATFORM,OPERATION_DATE,MANDATE_REF_ID,MANDATE_STATUS)VALUES ('3333333333','5555555555','123','Musterstrasse','12345','Musterheim','12345','12312312','Musterman','DEUTSCHLAND','N','DVB-T','TELEKOM','Terrestrical','2011-01-01','1111111111','PENDING');
INSERT INTO NEWDB_CONTRACT (CUSTOMER_ID,CONTRACT_ID,HOUSE_NUMBER,STREET,ZIPCODE,CITY,ACCOUNT_NUMBER,BANK_CODE,BANK_ACCOUNT_HOLDER,COUNTRY,WM_FLG,RECEPTION,OPERATOR,PLATFORM,OPERATION_DATE,MANDATE_REF_ID,MANDATE_STATUS)VALUES ('5159444220','4556837323','95','Fasanenstrasse','22525','Hamburg Lurup','12345','12312312','Musterman','DEUTSCHLAND','N','DVB_C','SKY','SKY_Go','2011-01-01','1111111111','PENDING');
INSERT INTO NEWDB_CONTRACT (CUSTOMER_ID,CONTRACT_ID,HOUSE_NUMBER,STREET,ZIPCODE,CITY,ACCOUNT_NUMBER,BANK_CODE,BANK_ACCOUNT_HOLDER,COUNTRY,WM_FLG,RECEPTION,OPERATOR,PLATFORM,OPERATION_DATE,MANDATE_REF_ID,MANDATE_STATUS)VALUES ('5159444220','2299475071','40','Friedrichstrasse','03054','Cottbus','12345','12312312','Musterman','DEUTSCHLAND','N','DVB_S','TELEKOM','Terrestrical','2011-01-01','1111111111','PENDING');
INSERT INTO NEWDB_CONTRACT (CUSTOMER_ID,CONTRACT_ID,HOUSE_NUMBER,STREET,ZIPCODE,CITY,ACCOUNT_NUMBER,BANK_CODE,BANK_ACCOUNT_HOLDER,COUNTRY,WM_FLG,RECEPTION,OPERATOR,PLATFORM,OPERATION_DATE,MANDATE_REF_ID,MANDATE_STATUS)VALUES ('4123456789','99123456789','123','Musterstrasse','12345','Musterheim','12345','12312312','Musterman','DEUTSCHLAND','Y','DVB-T','TELEKOM','Terrestrical','2011-01-01','1111111111','PENDING');
INSERT INTO NEWDB_CONTRACT (CUSTOMER_ID,CONTRACT_ID,HOUSE_NUMBER,STREET,ZIPCODE,CITY,ACCOUNT_NUMBER,BANK_CODE,BANK_ACCOUNT_HOLDER,COUNTRY,WM_FLG,RECEPTION,OPERATOR,PLATFORM,OPERATION_DATE,MANDATE_REF_ID,MANDATE_STATUS)VALUES ('6100424268','88123456789','123','Musterstrasse','12345','Musterheim','12345','12312312','Musterman','DEUTSCHLAND','Y','DVB_C','SKY','SKY_Go','2011-01-01','1111111111','PENDING');
INSERT INTO NEWDB_CONTRACT (CUSTOMER_ID,CONTRACT_ID,HOUSE_NUMBER,STREET,ZIPCODE,CITY,ACCOUNT_NUMBER,BANK_CODE,BANK_ACCOUNT_HOLDER,COUNTRY,WM_FLG,RECEPTION,OPERATOR,PLATFORM,OPERATION_DATE,MANDATE_REF_ID,MANDATE_STATUS)VALUES ('2107000790','11005067','12','LEOPOLDPLATZ','13353','BERLIN','0000002345','10070000','STAMPA3 GIORGIO','DEUTSCHLAND','N','DVB_S','TELEKOM','Terrestrical','2011-01-01','1111111111','PENDING');
INSERT INTO NEWDB_CONTRACT (CUSTOMER_ID,CONTRACT_ID,HOUSE_NUMBER,STREET,ZIPCODE,CITY,ACCOUNT_NUMBER,BANK_CODE,BANK_ACCOUNT_HOLDER,COUNTRY,WM_FLG,RECEPTION,OPERATOR,PLATFORM,OPERATION_DATE,MANDATE_REF_ID,MANDATE_STATUS)VALUES ('1307000791','11005068','1','LEOPOLDPLATZ','13353','BERLIN','0000002345','10070000','STAMPA3 GIORGIO','DEUTSCHLAND','N','DVB-T','TELEKOM','Terrestrical','2011-01-01','1111111111','PENDING');
INSERT INTO NEWDB_CONTRACT (CUSTOMER_ID,CONTRACT_ID,HOUSE_NUMBER,STREET,ZIPCODE,CITY,ACCOUNT_NUMBER,BANK_CODE,BANK_ACCOUNT_HOLDER,COUNTRY,WM_FLG,RECEPTION,OPERATOR,PLATFORM,OPERATION_DATE,MANDATE_REF_ID,MANDATE_STATUS)VALUES ('4607000798','11005075','2132','SAL','02894','VIERKIRCHEN','0000002345','27070024','TEST4 TEST4','DEUTSCHLAND','N','DVB_C','SKY','SKY_Go','2011-01-01','1111111111','PENDING');
INSERT INTO NEWDB_CONTRACT (CUSTOMER_ID,CONTRACT_ID,HOUSE_NUMBER,STREET,ZIPCODE,CITY,ACCOUNT_NUMBER,BANK_CODE,BANK_ACCOUNT_HOLDER,COUNTRY,WM_FLG,RECEPTION,OPERATOR,PLATFORM,OPERATION_DATE,MANDATE_REF_ID,MANDATE_STATUS)VALUES ('1107000779','11005056','1','STRASSE 1','13059','BERLIN','0000003256','12070000','BILLING UBICATIONAS','DEUTSCHLAND','N','DVB_S','TELEKOM','Terrestrical','2011-01-01','1111111111','PENDING');
INSERT INTO NEWDB_CONTRACT (CUSTOMER_ID,CONTRACT_ID,HOUSE_NUMBER,STREET,ZIPCODE,CITY,ACCOUNT_NUMBER,BANK_CODE,BANK_ACCOUNT_HOLDER,COUNTRY,WM_FLG,RECEPTION,OPERATOR,PLATFORM,OPERATION_DATE,MANDATE_REF_ID,MANDATE_STATUS)VALUES ('5007000803','11005080','23','GIETLSTR.','81541','MÜNCHEN','0000002345','10070000','TEST_BM3 TEST_BM3','DEUTSCHLAND','N','DVB-T','TELEKOM','Terrestrical','2011-01-01','1111111111','PENDING');
INSERT INTO NEWDB_CONTRACT (CUSTOMER_ID,CONTRACT_ID,HOUSE_NUMBER,STREET,ZIPCODE,CITY,ACCOUNT_NUMBER,BANK_CODE,BANK_ACCOUNT_HOLDER,COUNTRY,WM_FLG,RECEPTION,OPERATOR,PLATFORM,OPERATION_DATE,MANDATE_REF_ID,MANDATE_STATUS)VALUES ('3807000834','11005104','115','EINSTEINSTR.','81675','MÜNCHEN','0000002345','10070000','LISTINO GIORGIO','DEUTSCHLAND','N','DVB_C','SKY','SKY_Go','2011-01-01','1111111111','PENDING');
INSERT INTO NEWDB_CONTRACT (CUSTOMER_ID,CONTRACT_ID,HOUSE_NUMBER,STREET,ZIPCODE,CITY,ACCOUNT_NUMBER,BANK_CODE,BANK_ACCOUNT_HOLDER,COUNTRY,WM_FLG,RECEPTION,OPERATOR,PLATFORM,OPERATION_DATE,MANDATE_REF_ID,MANDATE_STATUS)VALUES ('2300683413','12141814','11','SCHARFHAUSEN','42659','SOLINGEN',null,null,'BECKER MAGDALENE','DEUTSCHLAND','N','DVB_S','TELEKOM','Terrestrical','2011-01-01','1111111111','PENDING');
INSERT INTO NEWDB_CONTRACT (CUSTOMER_ID,CONTRACT_ID,HOUSE_NUMBER,STREET,ZIPCODE,CITY,ACCOUNT_NUMBER,BANK_CODE,BANK_ACCOUNT_HOLDER,COUNTRY,WM_FLG,RECEPTION,OPERATOR,PLATFORM,OPERATION_DATE,MANDATE_REF_ID,MANDATE_STATUS)VALUES ('1807000807','11005084','44','SALBEIWEG','12357','BERLIN','1234567890','10010222','LIFE CICCIO','DEUTSCHLAND','N','DVB-T','TELEKOM','Terrestrical','2011-01-01','1111111111','PENDING');
INSERT INTO NEWDB_CONTRACT (CUSTOMER_ID,CONTRACT_ID,HOUSE_NUMBER,STREET,ZIPCODE,CITY,ACCOUNT_NUMBER,BANK_CODE,BANK_ACCOUNT_HOLDER,COUNTRY,WM_FLG,RECEPTION,OPERATOR,PLATFORM,OPERATION_DATE,MANDATE_REF_ID,MANDATE_STATUS)VALUES ('5903474205','1461601','55','FRIEDHOFSWEG','61197','FLORSTADT',null,null,'HEUTZENRÖDER DIRK','DEUTSCHLAND','N','DVB_C','SKY','SKY_Go','2011-01-01','1111111111','PENDING');
INSERT INTO NEWDB_CONTRACT (CUSTOMER_ID,CONTRACT_ID,HOUSE_NUMBER,STREET,ZIPCODE,CITY,ACCOUNT_NUMBER,BANK_CODE,BANK_ACCOUNT_HOLDER,COUNTRY,WM_FLG,RECEPTION,OPERATOR,PLATFORM,OPERATION_DATE,MANDATE_REF_ID,MANDATE_STATUS)VALUES ('4300376008','227993','12','BANANENWEG','13129','BERLIN',null,null,'SELL MICHAEL','DEUTSCHLAND','N','DVB_S','TELEKOM','Terrestrical','2011-01-01','1111111111','PENDING');
INSERT INTO NEWDB_CONTRACT (CUSTOMER_ID,CONTRACT_ID,HOUSE_NUMBER,STREET,ZIPCODE,CITY,ACCOUNT_NUMBER,BANK_CODE,BANK_ACCOUNT_HOLDER,COUNTRY,WM_FLG,RECEPTION,OPERATOR,PLATFORM,OPERATION_DATE,MANDATE_REF_ID,MANDATE_STATUS)VALUES ('1500571250','11479576','1','HAFERFELD','57562','HERDORF',null,null,'KLAPDOR ARMIN','DEUTSCHLAND','N','DVB-T','TELEKOM','Terrestrical','2011-01-01','1111111111','PENDING');
INSERT INTO NEWDB_CONTRACT (CUSTOMER_ID,CONTRACT_ID,HOUSE_NUMBER,STREET,ZIPCODE,CITY,ACCOUNT_NUMBER,BANK_CODE,BANK_ACCOUNT_HOLDER,COUNTRY,WM_FLG,RECEPTION,OPERATOR,PLATFORM,OPERATION_DATE,MANDATE_REF_ID,MANDATE_STATUS)VALUES ('2809388171','11674310','300','BLABLABLÖ','456321','POTSDAM','000000001048406','16062073','PFENNIG NICO','DEUTSCHLAND','N','DVB_C','SKY','SKY_Go','2011-01-01','1111111111','PENDING');
INSERT INTO NEWDB_CONTRACT (CUSTOMER_ID,CONTRACT_ID,HOUSE_NUMBER,STREET,ZIPCODE,CITY,ACCOUNT_NUMBER,BANK_CODE,BANK_ACCOUNT_HOLDER,COUNTRY,WM_FLG,RECEPTION,OPERATOR,PLATFORM,OPERATION_DATE,MANDATE_REF_ID,MANDATE_STATUS)VALUES ('4907000856','11005131','1','ANEMONENWEG','4020','LINZ','0003604500','52000','COGNOME_BILLING7 NOME_TEST7','DEUTSCHLAND','N','DVB_S','TELEKOM','Terrestrical','2011-01-01','1111111111','PENDING');
INSERT INTO NEWDB_CONTRACT (CUSTOMER_ID,CONTRACT_ID,HOUSE_NUMBER,STREET,ZIPCODE,CITY,ACCOUNT_NUMBER,BANK_CODE,BANK_ACCOUNT_HOLDER,COUNTRY,WM_FLG,RECEPTION,OPERATOR,PLATFORM,OPERATION_DATE,MANDATE_REF_ID,MANDATE_STATUS)VALUES ('6304279297','1996108','7','BÄUMDESTR.','07973','GREIZ','000005080351005','87095824','HALBBAUER WOLFRAM','DEUTSCHLAND','N','DVB-T','TELEKOM','Terrestrical','2011-01-01','1111111111','PENDING');
INSERT INTO NEWDB_CONTRACT (CUSTOMER_ID,CONTRACT_ID,HOUSE_NUMBER,STREET,ZIPCODE,CITY,ACCOUNT_NUMBER,BANK_CODE,BANK_ACCOUNT_HOLDER,COUNTRY,WM_FLG,RECEPTION,OPERATOR,PLATFORM,OPERATION_DATE,MANDATE_REF_ID,MANDATE_STATUS)VALUES ('6003764695','1661997','11a','BEFREIUNGSTR.','68642','BÜRSTADT',null,null,'RAU OTMAR','DEUTSCHLAND','N','DVB_C','SKY','SKY_Go','2011-01-01','1111111111','PENDING');
INSERT INTO NEWDB_CONTRACT (CUSTOMER_ID,CONTRACT_ID,HOUSE_NUMBER,STREET,ZIPCODE,CITY,ACCOUNT_NUMBER,BANK_CODE,BANK_ACCOUNT_HOLDER,COUNTRY,WM_FLG,RECEPTION,OPERATOR,PLATFORM,OPERATION_DATE,MANDATE_REF_ID,MANDATE_STATUS)VALUES ('1804276860','1994125','6','QUERGASSE','09337','BERNSDORF','000004607008678','87050000','BERGER MANFRED','DEUTSCHLAND','N','DVB_S','TELEKOM','Terrestrical','2011-01-01','1111111111','PENDING');
INSERT INTO NEWDB_CONTRACT (CUSTOMER_ID,CONTRACT_ID,HOUSE_NUMBER,STREET,ZIPCODE,CITY,ACCOUNT_NUMBER,BANK_CODE,BANK_ACCOUNT_HOLDER,COUNTRY,WM_FLG,RECEPTION,OPERATOR,PLATFORM,OPERATION_DATE,MANDATE_REF_ID,MANDATE_STATUS)VALUES ('1407000896','11005174','2','GOETHEPLATZ','80337','MÜNCHEN','0000002345','10070000','TEST_FABBIO TEST_FABBIO','DEUTSCHLAND','N','DVB-T','TELEKOM','Terrestrical','2011-01-01','1111111111','PENDING');
INSERT INTO NEWDB_CONTRACT (CUSTOMER_ID,CONTRACT_ID,HOUSE_NUMBER,STREET,ZIPCODE,CITY,ACCOUNT_NUMBER,BANK_CODE,BANK_ACCOUNT_HOLDER,COUNTRY,WM_FLG,RECEPTION,OPERATOR,PLATFORM,OPERATION_DATE,MANDATE_REF_ID,MANDATE_STATUS)VALUES ('4803860754','5431179','3','ZUM FLIEß','16348','SOPHIENSTÄDT','000003645337009','10090000','GUHR MARTINA','DEUTSCHLAND','N','DVB_C','SKY','SKY_Go','2011-01-01','1111111111','PENDING');
INSERT INTO NEWDB_CONTRACT (CUSTOMER_ID,CONTRACT_ID,HOUSE_NUMBER,STREET,ZIPCODE,CITY,ACCOUNT_NUMBER,BANK_CODE,BANK_ACCOUNT_HOLDER,COUNTRY,WM_FLG,RECEPTION,OPERATOR,PLATFORM,OPERATION_DATE,MANDATE_REF_ID,MANDATE_STATUS)VALUES ('4709334315','11507251','20','ROSTOCKER STR.','42109','WUPPERTAL','000000001166677','33050000','RODE SONJA','DEUTSCHLAND','N','DVB_S','TELEKOM','Terrestrical','2011-01-01','1111111111','PENDING');
INSERT INTO NEWDB_CONTRACT (CUSTOMER_ID,CONTRACT_ID,HOUSE_NUMBER,STREET,ZIPCODE,CITY,ACCOUNT_NUMBER,BANK_CODE,BANK_ACCOUNT_HOLDER,COUNTRY,WM_FLG,RECEPTION,OPERATOR,PLATFORM,OPERATION_DATE,MANDATE_REF_ID,MANDATE_STATUS)VALUES ('1404913109','2518484','14','HELENE-WEIGEL-PLATZ','12681','BERLIN','00000214448266','1005','ZEITZMANN WOLFGANG','DEUTSCHLAND','N','DVB-T','TELEKOM','Terrestrical','2011-01-01','1111111111','PENDING');
INSERT INTO NEWDB_CONTRACT (CUSTOMER_ID,CONTRACT_ID,HOUSE_NUMBER,STREET,ZIPCODE,CITY,ACCOUNT_NUMBER,BANK_CODE,BANK_ACCOUNT_HOLDER,COUNTRY,WM_FLG,RECEPTION,OPERATOR,PLATFORM,OPERATION_DATE,MANDATE_REF_ID,MANDATE_STATUS)VALUES ('1203634913','1572673','56','SCHLOßSTR.','90478','NÜRNBERG','000000001535463','760905','MEIER JÜRGEN','DEUTSCHLAND','N','DVB_C','SKY','SKY_Go','2011-01-01','1111111111','PENDING');
INSERT INTO NEWDB_CONTRACT (CUSTOMER_ID,CONTRACT_ID,HOUSE_NUMBER,STREET,ZIPCODE,CITY,ACCOUNT_NUMBER,BANK_CODE,BANK_ACCOUNT_HOLDER,COUNTRY,WM_FLG,RECEPTION,OPERATOR,PLATFORM,OPERATION_DATE,MANDATE_REF_ID,MANDATE_STATUS)VALUES ('4106446060','5846321','14','ALTE HAUPTSTR.','63599','BIEBERGEMÜND','000001140013404','8405505','ROCKENBUCH RALF','DEUTSCHLAND','N','DVB_S','TELEKOM','Terrestrical','2011-01-01','1111111111','PENDING');
INSERT INTO NEWDB_CONTRACT (CUSTOMER_ID,CONTRACT_ID,HOUSE_NUMBER,STREET,ZIPCODE,CITY,ACCOUNT_NUMBER,BANK_CODE,BANK_ACCOUNT_HOLDER,COUNTRY,WM_FLG,RECEPTION,OPERATOR,PLATFORM,OPERATION_DATE,MANDATE_REF_ID,MANDATE_STATUS)VALUES ('6104249019','12033610','12','HOLZFELDSTR.','4600','WELS','0000820231647','00012','PERNICA GERHARD','DEUTSCHLAND','N','DVB-T','TELEKOM','Terrestrical','2011-01-01','1111111111','PENDING');
INSERT INTO NEWDB_CONTRACT (CUSTOMER_ID,CONTRACT_ID,HOUSE_NUMBER,STREET,ZIPCODE,CITY,ACCOUNT_NUMBER,BANK_CODE,BANK_ACCOUNT_HOLDER,COUNTRY,WM_FLG,RECEPTION,OPERATOR,PLATFORM,OPERATION_DATE,MANDATE_REF_ID,MANDATE_STATUS)VALUES ('5805642098','3052621','10','WENGERTSTEIG','71149','BONDORF','000000003664007','6039131','SEIFERT RUDOLF','DEUTSCHLAND','N','DVB_C','SKY','SKY_Go','2011-01-01','1111111111','PENDING');
INSERT INTO NEWDB_CONTRACT (CUSTOMER_ID,CONTRACT_ID,HOUSE_NUMBER,STREET,ZIPCODE,CITY,ACCOUNT_NUMBER,BANK_CODE,BANK_ACCOUNT_HOLDER,COUNTRY,WM_FLG,RECEPTION,OPERATOR,PLATFORM,OPERATION_DATE,MANDATE_REF_ID,MANDATE_STATUS)VALUES ('4306053980','3497778','3','WESTFALENSTR.','44651','HERNE','000000164004467','4325003','HENSEL RALF','DEUTSCHLAND','N','DVB_S','TELEKOM','Terrestrical','2011-01-01','1111111111','PENDING');
INSERT INTO NEWDB_CONTRACT (CUSTOMER_ID,CONTRACT_ID,HOUSE_NUMBER,STREET,ZIPCODE,CITY,ACCOUNT_NUMBER,BANK_CODE,BANK_ACCOUNT_HOLDER,COUNTRY,WM_FLG,RECEPTION,OPERATOR,PLATFORM,OPERATION_DATE,MANDATE_REF_ID,MANDATE_STATUS)VALUES ('2205060814','2631869','22','BERGSTR.','04643','FRANKENHAIN','000000002435373','86065448','RICHTER KARSTEN','DEUTSCHLAND','N','DVB-T','TELEKOM','Terrestrical','2011-01-01','1111111111','PENDING');
INSERT INTO NEWDB_CONTRACT (CUSTOMER_ID,CONTRACT_ID,HOUSE_NUMBER,STREET,ZIPCODE,CITY,ACCOUNT_NUMBER,BANK_CODE,BANK_ACCOUNT_HOLDER,COUNTRY,WM_FLG,RECEPTION,OPERATOR,PLATFORM,OPERATION_DATE,MANDATE_REF_ID,MANDATE_STATUS)VALUES ('4204641967','2292870','18a','KLEINREINSDORF','07989','KLEINREINSDORF','000002370004854','87055','WELLNER HANS-JÜRGEN','DEUTSCHLAND','N','DVB_C','SKY','SKY_Go','2011-01-01','1111111111','PENDING');
INSERT INTO NEWDB_CONTRACT (CUSTOMER_ID,CONTRACT_ID,HOUSE_NUMBER,STREET,ZIPCODE,CITY,ACCOUNT_NUMBER,BANK_CODE,BANK_ACCOUNT_HOLDER,COUNTRY,WM_FLG,RECEPTION,OPERATOR,PLATFORM,OPERATION_DATE,MANDATE_REF_ID,MANDATE_STATUS)VALUES ('6005021562','5799576','48 C','OCHSENKAMP','45549','SPROCKHÖVEL','000000002363117','33040001','MITTAG WOLFGANG','DEUTSCHLAND','N','DVB_S','TELEKOM','Terrestrical','2011-01-01','1111111111','PENDING');
INSERT INTO NEWDB_CONTRACT (CUSTOMER_ID,CONTRACT_ID,HOUSE_NUMBER,STREET,ZIPCODE,CITY,ACCOUNT_NUMBER,BANK_CODE,BANK_ACCOUNT_HOLDER,COUNTRY,WM_FLG,RECEPTION,OPERATOR,PLATFORM,OPERATION_DATE,MANDATE_REF_ID,MANDATE_STATUS)VALUES ('4400806187','510337','144','RINGSTR.','82041','OBERHACHING','000000653752504','7002027','SIEVI MONIKA','DEUTSCHLAND','N','DVB-T','TELEKOM','Terrestrical','2011-01-01','1111111111','PENDING');
INSERT INTO NEWDB_CONTRACT (CUSTOMER_ID,CONTRACT_ID,HOUSE_NUMBER,STREET,ZIPCODE,CITY,ACCOUNT_NUMBER,BANK_CODE,BANK_ACCOUNT_HOLDER,COUNTRY,WM_FLG,RECEPTION,OPERATOR,PLATFORM,OPERATION_DATE,MANDATE_REF_ID,MANDATE_STATUS)VALUES ('1305928478','16820995','18','BRÜGGERFELDWEG','47802','KREFELD','000001223022235','3545','ROMANOWSKI MICHAEL','DEUTSCHLAND','N','DVB_C','SKY','SKY_Go','2011-01-01','1111111111','PENDING');
INSERT INTO NEWDB_CONTRACT (CUSTOMER_ID,CONTRACT_ID,HOUSE_NUMBER,STREET,ZIPCODE,CITY,ACCOUNT_NUMBER,BANK_CODE,BANK_ACCOUNT_HOLDER,COUNTRY,WM_FLG,RECEPTION,OPERATOR,PLATFORM,OPERATION_DATE,MANDATE_REF_ID,MANDATE_STATUS)VALUES ('5201157940','758679','26','FRIEDRICH-ANDRAE-STR.','67480','EDENKOBEN','000000100011568','5485001','SCHÄFFER RUDOLF','DEUTSCHLAND','N','DVB_S','TELEKOM','Terrestrical','2011-01-01','1111111111','PENDING');
INSERT INTO NEWDB_CONTRACT (CUSTOMER_ID,CONTRACT_ID,HOUSE_NUMBER,STREET,ZIPCODE,CITY,ACCOUNT_NUMBER,BANK_CODE,BANK_ACCOUNT_HOLDER,COUNTRY,WM_FLG,RECEPTION,OPERATOR,PLATFORM,OPERATION_DATE,MANDATE_REF_ID,MANDATE_STATUS)VALUES ('5300360907','221340','2','FALKENBERGER STR.','37194','BODENFELDE','00000008338','26261693','RÖLKE FRANK','DEUTSCHLAND','N','DVB-T','TELEKOM','Terrestrical','2011-01-01','1111111111','PENDING');
INSERT INTO NEWDB_CONTRACT (CUSTOMER_ID,CONTRACT_ID,HOUSE_NUMBER,STREET,ZIPCODE,CITY,ACCOUNT_NUMBER,BANK_CODE,BANK_ACCOUNT_HOLDER,COUNTRY,WM_FLG,RECEPTION,OPERATOR,PLATFORM,OPERATION_DATE,MANDATE_REF_ID,MANDATE_STATUS)VALUES ('5102224239','1013067','256','POPPENBÜTTELER STR.','22851','NORDERSTEDT','000000246815208','2001002','FUSS HANNELORE','DEUTSCHLAND','N','DVB_C','SKY','Terrestrical','2011-01-01','1111111111','PENDING');
INSERT INTO NEWDB_CONTRACT (CUSTOMER_ID,CONTRACT_ID,HOUSE_NUMBER,STREET,ZIPCODE,CITY,ACCOUNT_NUMBER,BANK_CODE,BANK_ACCOUNT_HOLDER,COUNTRY,WM_FLG,RECEPTION,OPERATOR,PLATFORM,OPERATION_DATE,MANDATE_REF_ID,MANDATE_STATUS)VALUES ('2903173340','1253765','11','AMPFINGER STR.','84562','METTENHEIM','000000000255602','700905','MICHLBAUER BRUNO','DEUTSCHLAND','N','DVB_S','TELEKOM','SKY_Go','2011-01-01','1111111111','PENDING');
INSERT INTO NEWDB_CONTRACT (CUSTOMER_ID,CONTRACT_ID,HOUSE_NUMBER,STREET,ZIPCODE,CITY,ACCOUNT_NUMBER,BANK_CODE,BANK_ACCOUNT_HOLDER,COUNTRY,WM_FLG,RECEPTION,OPERATOR,PLATFORM,OPERATION_DATE,MANDATE_REF_ID,MANDATE_STATUS)VALUES ('4907000950','11005240','12','STRASS','5261','WIENERN','0000000019','52000','SUR0807 TEST','DEUTSCHLAND','N','DVB-T','TELEKOM','Terrestrical','2011-01-01','1111111111','PENDING');
INSERT INTO NEWDB_CONTRACT (CUSTOMER_ID,CONTRACT_ID,HOUSE_NUMBER,STREET,ZIPCODE,CITY,ACCOUNT_NUMBER,BANK_CODE,BANK_ACCOUNT_HOLDER,COUNTRY,WM_FLG,RECEPTION,OPERATOR,PLATFORM,OPERATION_DATE,MANDATE_REF_ID,MANDATE_STATUS)VALUES ('5907000966','11005256','45','KREUZSTR.','80331','MÜNCHEN',null,null,'ASDADA ASDAD','DEUTSCHLAND','N','DVB_C','SKY','Terrestrical','2011-01-01','1111111111','PENDING');
INSERT INTO NEWDB_CONTRACT (CUSTOMER_ID,CONTRACT_ID,HOUSE_NUMBER,STREET,ZIPCODE,CITY,ACCOUNT_NUMBER,BANK_CODE,BANK_ACCOUNT_HOLDER,COUNTRY,WM_FLG,RECEPTION,OPERATOR,PLATFORM,OPERATION_DATE,MANDATE_REF_ID,MANDATE_STATUS)VALUES ('3507000969','11005259','1','KÖNIGSTR.','50676','KÖLN','0000002345','12070000','CRM_20 TEST','DEUTSCHLAND','N','DVB_S','TELEKOM','SKY_Go','2011-01-01','1111111111','PENDING');
INSERT INTO NEWDB_CONTRACT (CUSTOMER_ID,CONTRACT_ID,HOUSE_NUMBER,STREET,ZIPCODE,CITY,ACCOUNT_NUMBER,BANK_CODE,BANK_ACCOUNT_HOLDER,COUNTRY,WM_FLG,RECEPTION,OPERATOR,PLATFORM,OPERATION_DATE,MANDATE_REF_ID,MANDATE_STATUS)VALUES ('4107000951','11005241','12','FUCHSWEG','85598','BALDHAM','0000002345','12070000','CRM_14 TEST','DEUTSCHLAND','N','DVB-T','TELEKOM','Terrestrical','2011-01-01','1111111111','PENDING');
INSERT INTO NEWDB_CONTRACT (CUSTOMER_ID,CONTRACT_ID,HOUSE_NUMBER,STREET,ZIPCODE,CITY,ACCOUNT_NUMBER,BANK_CODE,BANK_ACCOUNT_HOLDER,COUNTRY,WM_FLG,RECEPTION,OPERATOR,PLATFORM,OPERATION_DATE,MANDATE_REF_ID,MANDATE_STATUS)VALUES ('4603455404','5506440','665','LEOPOLDSTR.','80807','MÜNCHEN','000000005325709','7007001','ZENGER ANDREAS','DEUTSCHLAND','N','DVB_C','SKY','Terrestrical','2011-01-01','1111111111','PENDING');
INSERT INTO NEWDB_CONTRACT (CUSTOMER_ID,CONTRACT_ID,HOUSE_NUMBER,STREET,ZIPCODE,CITY,ACCOUNT_NUMBER,BANK_CODE,BANK_ACCOUNT_HOLDER,COUNTRY,WM_FLG,RECEPTION,OPERATOR,PLATFORM,OPERATION_DATE,MANDATE_REF_ID,MANDATE_STATUS)VALUES ('6811948840','17039906','9','OBERSTETTENER STR.','74575','SCHROZBERG','70799008','60069595','JÜTTNER JENNY','DEUTSCHLAND','N','DVB_S','TELEKOM','SKY_Go','2011-01-01','1111111111','PENDING');
INSERT INTO NEWDB_CONTRACT (CUSTOMER_ID,CONTRACT_ID,HOUSE_NUMBER,STREET,ZIPCODE,CITY,ACCOUNT_NUMBER,BANK_CODE,BANK_ACCOUNT_HOLDER,COUNTRY,WM_FLG,RECEPTION,OPERATOR,PLATFORM,OPERATION_DATE,MANDATE_REF_ID,MANDATE_STATUS)VALUES ('5207000686','11004965','11','LEOPOLDPLATZ','13353','BERLIN','0000002345','10070000','XANDREA GIORGIO','DEUTSCHLAND','N','DVB-T','TELEKOM','Terrestrical','2011-01-01','1111111111','PENDING');
INSERT INTO NEWDB_CONTRACT (CUSTOMER_ID,CONTRACT_ID,HOUSE_NUMBER,STREET,ZIPCODE,CITY,ACCOUNT_NUMBER,BANK_CODE,BANK_ACCOUNT_HOLDER,COUNTRY,WM_FLG,RECEPTION,OPERATOR,PLATFORM,OPERATION_DATE,MANDATE_REF_ID,MANDATE_STATUS)VALUES ('3207000659','11004935','12','ADRIASTRASSE','1020','WIEN','0000002345','12070000','IVR14 TEST','DEUTSCHLAND','N','DVB_C','TELEKOM','Terrestrical','2011-01-01','1111111111','PENDING');
INSERT INTO NEWDB_CONTRACT (CUSTOMER_ID,CONTRACT_ID,HOUSE_NUMBER,STREET,ZIPCODE,CITY,ACCOUNT_NUMBER,BANK_CODE,BANK_ACCOUNT_HOLDER,COUNTRY,WM_FLG,RECEPTION,OPERATOR,PLATFORM,OPERATION_DATE,MANDATE_REF_ID,MANDATE_STATUS)VALUES ('6107000691','11004970','12','LEO-BAECK-STR.','14165','BERLIN','0000002345','10070000','FRA GIORGIO','DEUTSCHLAND','N','DVB_S','SKY','SKY_Go','2011-01-01','1111111111','PENDING');
INSERT INTO NEWDB_CONTRACT (CUSTOMER_ID,CONTRACT_ID,HOUSE_NUMBER,STREET,ZIPCODE,CITY,ACCOUNT_NUMBER,BANK_CODE,BANK_ACCOUNT_HOLDER,COUNTRY,WM_FLG,RECEPTION,OPERATOR,PLATFORM,OPERATION_DATE,MANDATE_REF_ID,MANDATE_STATUS)VALUES ('3307000700','11004979','110','LEOPOLDSTR.','80802','MÜNCHEN','0000002345','10070000','COGNOME33 NOME33','DEUTSCHLAND','N','DVB-T','TELEKOM','Terrestrical','2011-01-01','1111111111','PENDING');
INSERT INTO NEWDB_CONTRACT (CUSTOMER_ID,CONTRACT_ID,HOUSE_NUMBER,STREET,ZIPCODE,CITY,ACCOUNT_NUMBER,BANK_CODE,BANK_ACCOUNT_HOLDER,COUNTRY,WM_FLG,RECEPTION,OPERATOR,PLATFORM,OPERATION_DATE,MANDATE_REF_ID,MANDATE_STATUS)VALUES ('4907000663','11004939','114','BRUCKNERSTR.','81677','MÜNCHEN','0000003456','12070000','IVR15 TEST','DEUTSCHLAND','N','DVB_C','TELEKOM','Terrestrical','2011-01-01','1111111111','PENDING');
INSERT INTO NEWDB_CONTRACT (CUSTOMER_ID,CONTRACT_ID,HOUSE_NUMBER,STREET,ZIPCODE,CITY,ACCOUNT_NUMBER,BANK_CODE,BANK_ACCOUNT_HOLDER,COUNTRY,WM_FLG,RECEPTION,OPERATOR,PLATFORM,OPERATION_DATE,MANDATE_REF_ID,MANDATE_STATUS)VALUES ('4307000716','11004995','109','PRINZREGENTENPLATZ','81675','MÜNCHEN','0000003456','12070000','LOGISTIC 3 TEST','DEUTSCHLAND','N','DVB_S','SKY','Terrestrical','2011-01-01','1111111111','PENDING');
INSERT INTO NEWDB_CONTRACT (CUSTOMER_ID,CONTRACT_ID,HOUSE_NUMBER,STREET,ZIPCODE,CITY,ACCOUNT_NUMBER,BANK_CODE,BANK_ACCOUNT_HOLDER,COUNTRY,WM_FLG,RECEPTION,OPERATOR,PLATFORM,OPERATION_DATE,MANDATE_REF_ID,MANDATE_STATUS)VALUES ('4807000657','11004933','110','PRINZREGENTENSTR.','81677','MÜNCHEN','0000002345','12070000','IVR12 TEST','DEUTSCHLAND','N','DVB-T','TELEKOM','SKY_Go','2011-01-01','1111111111','PENDING');
INSERT INTO NEWDB_CONTRACT (CUSTOMER_ID,CONTRACT_ID,HOUSE_NUMBER,STREET,ZIPCODE,CITY,ACCOUNT_NUMBER,BANK_CODE,BANK_ACCOUNT_HOLDER,COUNTRY,WM_FLG,RECEPTION,OPERATOR,PLATFORM,OPERATION_DATE,MANDATE_REF_ID,MANDATE_STATUS)VALUES ('6907000690','11004969','1','EINSTEINSTR.','81675','MÜNCHEN','0000002345','12070000','TEST_E2 TEST_E','DEUTSCHLAND','N','DVB_C','TELEKOM','Terrestrical','2011-01-01','1111111111','PENDING');
INSERT INTO NEWDB_CONTRACT (CUSTOMER_ID,CONTRACT_ID,HOUSE_NUMBER,STREET,ZIPCODE,CITY,ACCOUNT_NUMBER,BANK_CODE,BANK_ACCOUNT_HOLDER,COUNTRY,WM_FLG,RECEPTION,OPERATOR,PLATFORM,OPERATION_DATE,MANDATE_REF_ID,MANDATE_STATUS)VALUES ('6307000743','11005020','140','LEOPOLDSTR.','80804','MÜNCHEN','0000002345','10070000','TEST_LAU78 TEST_LAU78','DEUTSCHLAND','N','DVB_S','SKY','Terrestrical','2011-01-01','1111111111','PENDING');
INSERT INTO NEWDB_CONTRACT (CUSTOMER_ID,CONTRACT_ID,HOUSE_NUMBER,STREET,ZIPCODE,CITY,ACCOUNT_NUMBER,BANK_CODE,BANK_ACCOUNT_HOLDER,COUNTRY,WM_FLG,RECEPTION,OPERATOR,PLATFORM,OPERATION_DATE,MANDATE_REF_ID,MANDATE_STATUS)VALUES ('4307000775','11005052','36','SALDERNSTR.','14059','BERLIN','0000002345','25971024','MEYERS MARK','DEUTSCHLAND','N','DVB-T','TELEKOM','SKY_Go','2011-01-01','1111111111','PENDING');
INSERT INTO NEWDB_CONTRACT (CUSTOMER_ID,CONTRACT_ID,HOUSE_NUMBER,STREET,ZIPCODE,CITY,ACCOUNT_NUMBER,BANK_CODE,BANK_ACCOUNT_HOLDER,COUNTRY,WM_FLG,RECEPTION,OPERATOR,PLATFORM,OPERATION_DATE,MANDATE_REF_ID,MANDATE_STATUS)VALUES ('5807000767','11005044','115','EINSTEINSTR.','81675','MÜNCHEN','0000003456','12070000','LOG MAN KDG-14 TEST','DEUTSCHLAND','N','DVB_C','TELEKOM','Terrestrical','2011-01-01','1111111111','PENDING');
INSERT INTO NEWDB_CONTRACT (CUSTOMER_ID,CONTRACT_ID,HOUSE_NUMBER,STREET,ZIPCODE,CITY,ACCOUNT_NUMBER,BANK_CODE,BANK_ACCOUNT_HOLDER,COUNTRY,WM_FLG,RECEPTION,OPERATOR,PLATFORM,OPERATION_DATE,MANDATE_REF_ID,MANDATE_STATUS)VALUES ('1607000755','11005032','139','EINSTEINSTR.','81675','MÜNCHEN','0000003456','12070000','LOG MAN KBW-5 TEST','DEUTSCHLAND','N','DVB_S','SKY','SKY_Go','2011-01-01','1111111111','PENDING');
INSERT INTO NEWDB_CONTRACT (CUSTOMER_ID,CONTRACT_ID,HOUSE_NUMBER,STREET,ZIPCODE,CITY,ACCOUNT_NUMBER,BANK_CODE,BANK_ACCOUNT_HOLDER,COUNTRY,WM_FLG,RECEPTION,OPERATOR,PLATFORM,OPERATION_DATE,MANDATE_REF_ID,MANDATE_STATUS)VALUES ('5103270791','1321533','50','BRESLAUER STR.','27755','DELMENHORST',null,null,'TER HELL GUIDO','DEUTSCHLAND','N','DVB-T','TELEKOM','Terrestrical','2011-01-01','1111111111','PENDING');
INSERT INTO NEWDB_CONTRACT (CUSTOMER_ID,CONTRACT_ID,HOUSE_NUMBER,STREET,ZIPCODE,CITY,ACCOUNT_NUMBER,BANK_CODE,BANK_ACCOUNT_HOLDER,COUNTRY,WM_FLG,RECEPTION,OPERATOR,PLATFORM,OPERATION_DATE,MANDATE_REF_ID,MANDATE_STATUS)VALUES ('6407000655','11004930','144','BRUCKNERSTR.','81677','MÜNCHEN','0000003456','12070000','IVR11 TEST','DEUTSCHLAND','N','DVB_C','TELEKOM','Terrestrical','2011-01-01','1111111111','PENDING');
INSERT INTO NEWDB_CONTRACT (CUSTOMER_ID,CONTRACT_ID,HOUSE_NUMBER,STREET,ZIPCODE,CITY,ACCOUNT_NUMBER,BANK_CODE,BANK_ACCOUNT_HOLDER,COUNTRY,WM_FLG,RECEPTION,OPERATOR,PLATFORM,OPERATION_DATE,MANDATE_REF_ID,MANDATE_STATUS)VALUES ('2907000636','11004909','11','MARE','00100','FIRENZE',null,null,'MALACCIO RINO','DEUTSCHLAND','N','DVB_S','SKY','SKY_Go','2011-01-01','1111111111','PENDING');
INSERT INTO NEWDB_CONTRACT (CUSTOMER_ID,CONTRACT_ID,HOUSE_NUMBER,STREET,ZIPCODE,CITY,ACCOUNT_NUMBER,BANK_CODE,BANK_ACCOUNT_HOLDER,COUNTRY,WM_FLG,RECEPTION,OPERATOR,PLATFORM,OPERATION_DATE,MANDATE_REF_ID,MANDATE_STATUS)VALUES ('4101281596','846966','27','JÜLICHER STR.','41836','HÜCKELHOVEN','000000003604378','3125122','TETZ CHRISTOPH','DEUTSCHLAND','N','DVB-T','TELEKOM','Terrestrical','2011-01-01','1111111111','PENDING');
INSERT INTO NEWDB_CONTRACT (CUSTOMER_ID,CONTRACT_ID,HOUSE_NUMBER,STREET,ZIPCODE,CITY,ACCOUNT_NUMBER,BANK_CODE,BANK_ACCOUNT_HOLDER,COUNTRY,WM_FLG,RECEPTION,OPERATOR,PLATFORM,OPERATION_DATE,MANDATE_REF_ID,MANDATE_STATUS)VALUES ('4702122839','956454','15','JOSEF-SCHULTES-STR.','47918','TÖNISVORST','000001100476033','32060362','KOX MANFRED','DEUTSCHLAND','N','DVB_C','TELEKOM','Terrestrical','2011-01-01','1111111111','PENDING');
INSERT INTO NEWDB_CONTRACT (CUSTOMER_ID,CONTRACT_ID,HOUSE_NUMBER,STREET,ZIPCODE,CITY,ACCOUNT_NUMBER,BANK_CODE,BANK_ACCOUNT_HOLDER,COUNTRY,WM_FLG,RECEPTION,OPERATOR,PLATFORM,OPERATION_DATE,MANDATE_REF_ID,MANDATE_STATUS)VALUES ('2400478149','290410','37','ERICH-WEINERT-STR.','14974','LUDWIGSFELDE','00000464602087','1605','SCHWANDT BJÖRN','DEUTSCHLAND','N','DVB_S','SKY','SKY_Go','2011-01-01','1111111111','PENDING');
INSERT INTO NEWDB_CONTRACT (CUSTOMER_ID,CONTRACT_ID,HOUSE_NUMBER,STREET,ZIPCODE,CITY,ACCOUNT_NUMBER,BANK_CODE,BANK_ACCOUNT_HOLDER,COUNTRY,WM_FLG,RECEPTION,OPERATOR,PLATFORM,OPERATION_DATE,MANDATE_REF_ID,MANDATE_STATUS)VALUES ('1302297222','1057411','60','EBERESCHENWEG','46147','OBERHAUSEN','000000016022584','3655','WENING AXEL','DEUTSCHLAND','N','DVB-T','TELEKOM','Terrestrical','2011-01-01','1111111111','PENDING');
INSERT INTO NEWDB_CONTRACT (CUSTOMER_ID,CONTRACT_ID,HOUSE_NUMBER,STREET,ZIPCODE,CITY,ACCOUNT_NUMBER,BANK_CODE,BANK_ACCOUNT_HOLDER,COUNTRY,WM_FLG,RECEPTION,OPERATOR,PLATFORM,OPERATION_DATE,MANDATE_REF_ID,MANDATE_STATUS)VALUES ('4400328306','14092402','69a','DORFSTR.','25337','SEETH-EKHOLT','00000000024569','2215173','JANSEN CHRISTINE','DEUTSCHLAND','N','DVB_C','TELEKOM','SKY_Go','2011-01-01','1111111111','PENDING');
INSERT INTO NEWDB_CONTRACT (CUSTOMER_ID,CONTRACT_ID,HOUSE_NUMBER,STREET,ZIPCODE,CITY,ACCOUNT_NUMBER,BANK_CODE,BANK_ACCOUNT_HOLDER,COUNTRY,WM_FLG,RECEPTION,OPERATOR,PLATFORM,OPERATION_DATE,MANDATE_REF_ID,MANDATE_STATUS)VALUES ('4700291040','181830','7','PFARRER-WENNINGER-STR.','94099','RUHSTORF A.D.ROTT','000000000022373','74061101','JODTS DANNY GEERT','DEUTSCHLAND','N','DVB_S','SKY','Terrestrical','2011-01-01','1111111111','PENDING');
INSERT INTO NEWDB_CONTRACT (CUSTOMER_ID,CONTRACT_ID,HOUSE_NUMBER,STREET,ZIPCODE,CITY,ACCOUNT_NUMBER,BANK_CODE,BANK_ACCOUNT_HOLDER,COUNTRY,WM_FLG,RECEPTION,OPERATOR,PLATFORM,OPERATION_DATE,MANDATE_REF_ID,MANDATE_STATUS)VALUES ('2905889377','3326851','79','LINDENSTR.','15517','FÜRSTENWALDE/SPREE','000000904290903','8601009','NEUMANN KLAUS-JÜRGEN','DEUTSCHLAND','N','DVB-T','TELEKOM','SKY_Go','2011-01-01','1111111111','PENDING');
INSERT INTO NEWDB_CONTRACT (CUSTOMER_ID,CONTRACT_ID,HOUSE_NUMBER,STREET,ZIPCODE,CITY,ACCOUNT_NUMBER,BANK_CODE,BANK_ACCOUNT_HOLDER,COUNTRY,WM_FLG,RECEPTION,OPERATOR,PLATFORM,OPERATION_DATE,MANDATE_REF_ID,MANDATE_STATUS)VALUES ('5811903677','16945278','5','KELTENSTR.','87653','EGGENTHAL','33324','73369871','SCHMID ANTON','DEUTSCHLAND','N','DVB_C','TELEKOM','Terrestrical','2011-01-01','1111111111','PENDING');
INSERT INTO NEWDB_CONTRACT (CUSTOMER_ID,CONTRACT_ID,HOUSE_NUMBER,STREET,ZIPCODE,CITY,ACCOUNT_NUMBER,BANK_CODE,BANK_ACCOUNT_HOLDER,COUNTRY,WM_FLG,RECEPTION,OPERATOR,PLATFORM,OPERATION_DATE,MANDATE_REF_ID,MANDATE_STATUS)VALUES ('3011951839','17043439','104','IM DORFE','99448','HOHENFELDEN','1430025510','82051000','LIEBRICH CHRISTIAN','DEUTSCHLAND','N','DVB_S','SKY','Terrestrical','2011-01-01','1111111111','PENDING');
INSERT INTO NEWDB_CONTRACT (CUSTOMER_ID,CONTRACT_ID,HOUSE_NUMBER,STREET,ZIPCODE,CITY,ACCOUNT_NUMBER,BANK_CODE,BANK_ACCOUNT_HOLDER,COUNTRY,WM_FLG,RECEPTION,OPERATOR,PLATFORM,OPERATION_DATE,MANDATE_REF_ID,MANDATE_STATUS)VALUES ('6940000584','40000613','2','LEOSTR.','81375','MÜNCHEN','0000002345','10070000','TEST GIORGIO','DEUTSCHLAND','N','DVB-T','TELEKOM','SKY_Go','2011-01-01','1111111111','PENDING');
INSERT INTO NEWDB_CONTRACT (CUSTOMER_ID,CONTRACT_ID,HOUSE_NUMBER,STREET,ZIPCODE,CITY,ACCOUNT_NUMBER,BANK_CODE,BANK_ACCOUNT_HOLDER,COUNTRY,WM_FLG,RECEPTION,OPERATOR,PLATFORM,OPERATION_DATE,MANDATE_REF_ID,MANDATE_STATUS)VALUES ('5811970246','17071979','22','DUMBASTRAßE 7 /','4820','KALTENBACH','161051404','00015030','LOIDL CHRISTIAN ALEXANDER','DEUTSCHLAND','N','DVB_C','TELEKOM','Terrestrical','2011-01-01','1111111111','PENDING');
INSERT INTO NEWDB_CONTRACT (CUSTOMER_ID,CONTRACT_ID,HOUSE_NUMBER,STREET,ZIPCODE,CITY,ACCOUNT_NUMBER,BANK_CODE,BANK_ACCOUNT_HOLDER,COUNTRY,WM_FLG,RECEPTION,OPERATOR,PLATFORM,OPERATION_DATE,MANDATE_REF_ID,MANDATE_STATUS)VALUES ('4111955291','17049341','1','BIRKENFELD','59071','HAMM','1007762430','30020900','FLOCK SUSI CHRISTINE','DEUTSCHLAND','N','DVB_S','SKY','SKY_Go','2011-01-01','1111111111','PENDING');
INSERT INTO NEWDB_CONTRACT (CUSTOMER_ID,CONTRACT_ID,HOUSE_NUMBER,STREET,ZIPCODE,CITY,ACCOUNT_NUMBER,BANK_CODE,BANK_ACCOUNT_HOLDER,COUNTRY,WM_FLG,RECEPTION,OPERATOR,PLATFORM,OPERATION_DATE,MANDATE_REF_ID,MANDATE_STATUS)VALUES ('4411920357','16983546','2','GEWERBEHOF','6330','KUFSTEIN','397121','00043770','HENSE ANNA','DEUTSCHLAND','N','DVB-T','TELEKOM','Terrestrical','2011-01-01','1111111111','PENDING');
INSERT INTO NEWDB_CONTRACT (CUSTOMER_ID,CONTRACT_ID,HOUSE_NUMBER,STREET,ZIPCODE,CITY,ACCOUNT_NUMBER,BANK_CODE,BANK_ACCOUNT_HOLDER,COUNTRY,WM_FLG,RECEPTION,OPERATOR,PLATFORM,OPERATION_DATE,MANDATE_REF_ID,MANDATE_STATUS)VALUES ('3911962938','17060655','42','BORNGASSE','65594','RUNKEL','271932','50090500','KRAUS JÜRGEN-HEINZ','DEUTSCHLAND','N','DVB_C','TELEKOM','Terrestrical','2011-01-01','1111111111','PENDING');
INSERT INTO NEWDB_CONTRACT (CUSTOMER_ID,CONTRACT_ID,HOUSE_NUMBER,STREET,ZIPCODE,CITY,ACCOUNT_NUMBER,BANK_CODE,BANK_ACCOUNT_HOLDER,COUNTRY,WM_FLG,RECEPTION,OPERATOR,PLATFORM,OPERATION_DATE,MANDATE_REF_ID,MANDATE_STATUS)VALUES ('1411988454','17111729','14','WARSCHAUER STR.','99089','ERFURT',null,null,'STOLL ANNE-KATRIN','DEUTSCHLAND','N','DVB_S','SKY','SKY_Go','2011-01-01','1111111111','PENDING');
INSERT INTO NEWDB_CONTRACT (CUSTOMER_ID,CONTRACT_ID,HOUSE_NUMBER,STREET,ZIPCODE,CITY,ACCOUNT_NUMBER,BANK_CODE,BANK_ACCOUNT_HOLDER,COUNTRY,WM_FLG,RECEPTION,OPERATOR,PLATFORM,OPERATION_DATE,MANDATE_REF_ID,MANDATE_STATUS)VALUES ('4612040503','17195126','103','AACHENER STR.','52477','ALSDORF','6203822012','39162980','TRAPPEIN FRANK','DEUTSCHLAND','N','DVB-T','TELEKOM','Terrestrical','2011-01-01','1111111111','PENDING');
INSERT INTO NEWDB_CONTRACT (CUSTOMER_ID,CONTRACT_ID,HOUSE_NUMBER,STREET,ZIPCODE,CITY,ACCOUNT_NUMBER,BANK_CODE,BANK_ACCOUNT_HOLDER,COUNTRY,WM_FLG,RECEPTION,OPERATOR,PLATFORM,OPERATION_DATE,MANDATE_REF_ID,MANDATE_STATUS)VALUES ('3040000595','40000624','3','WITTGASSE','94032','PASSAU','0000003456','12070000','TEST TEST','DEUTSCHLAND','N','DVB_C','TELEKOM','Terrestrical','2011-01-01','1111111111','PENDING');
INSERT INTO NEWDB_CONTRACT (CUSTOMER_ID,CONTRACT_ID,HOUSE_NUMBER,STREET,ZIPCODE,CITY,ACCOUNT_NUMBER,BANK_CODE,BANK_ACCOUNT_HOLDER,COUNTRY,WM_FLG,RECEPTION,OPERATOR,PLATFORM,OPERATION_DATE,MANDATE_REF_ID,MANDATE_STATUS)VALUES ('1911961071','17057705','5','HARKORTSTR.','44577','CASTROP-RAUXEL','1050092277','42650150','PLANKEN ADELHEID','DEUTSCHLAND','N','DVB_S','SKY','SKY_Go','2011-01-01','1111111111','PENDING');
INSERT INTO NEWDB_CONTRACT (CUSTOMER_ID,CONTRACT_ID,HOUSE_NUMBER,STREET,ZIPCODE,CITY,ACCOUNT_NUMBER,BANK_CODE,BANK_ACCOUNT_HOLDER,COUNTRY,WM_FLG,RECEPTION,OPERATOR,PLATFORM,OPERATION_DATE,MANDATE_REF_ID,MANDATE_STATUS)VALUES ('1111961206','17057936','36','BRIESESTR.','12053','BERLIN','1410250080','10050000','YÜZGEC ANGELIKA','DEUTSCHLAND','N','DVB-T','TELEKOM','Terrestrical','2011-01-01','1111111111','PENDING');
INSERT INTO NEWDB_CONTRACT (CUSTOMER_ID,CONTRACT_ID,HOUSE_NUMBER,STREET,ZIPCODE,CITY,ACCOUNT_NUMBER,BANK_CODE,BANK_ACCOUNT_HOLDER,COUNTRY,WM_FLG,RECEPTION,OPERATOR,PLATFORM,OPERATION_DATE,MANDATE_REF_ID,MANDATE_STATUS)VALUES ('4911891547','16927498','1','AN DER BAHN','54597','SCHWIRZHEIM','5507759','58661901','WENDEL RAINER','DEUTSCHLAND','N','DVB_C','TELEKOM','Terrestrical','2011-01-01','1111111111','PENDING');
INSERT INTO NEWDB_CONTRACT (CUSTOMER_ID,CONTRACT_ID,HOUSE_NUMBER,STREET,ZIPCODE,CITY,ACCOUNT_NUMBER,BANK_CODE,BANK_ACCOUNT_HOLDER,COUNTRY,WM_FLG,RECEPTION,OPERATOR,PLATFORM,OPERATION_DATE,MANDATE_REF_ID,MANDATE_STATUS)VALUES ('6312081135','17263139','25','KRUSENPLATZ','32139','SPENGE','341622900','47640051','LEHMEIER CHRISTEL','DEUTSCHLAND','N','DVB_S','SKY','SKY_Go','2011-01-01','1111111111','PENDING');
INSERT INTO NEWDB_CONTRACT (CUSTOMER_ID,CONTRACT_ID,HOUSE_NUMBER,STREET,ZIPCODE,CITY,ACCOUNT_NUMBER,BANK_CODE,BANK_ACCOUNT_HOLDER,COUNTRY,WM_FLG,RECEPTION,OPERATOR,PLATFORM,OPERATION_DATE,MANDATE_REF_ID,MANDATE_STATUS)VALUES ('4040000646','40000676','45','BERGGASSE','2013','VIENDORF',null,null,'TEST678 TEST678','DEUTSCHLAND','N','DVB-T','TELEKOM','Terrestrical','2011-01-01','1111111111','PENDING');
INSERT INTO NEWDB_CONTRACT (CUSTOMER_ID,CONTRACT_ID,HOUSE_NUMBER,STREET,ZIPCODE,CITY,ACCOUNT_NUMBER,BANK_CODE,BANK_ACCOUNT_HOLDER,COUNTRY,WM_FLG,RECEPTION,OPERATOR,PLATFORM,OPERATION_DATE,MANDATE_REF_ID,MANDATE_STATUS)VALUES ('5640000644','40000673','23','BERGGASSE','2013','VIENDORF',null,null,'TES243 TES243','DEUTSCHLAND','N','DVB_C','TELEKOM','Terrestrical','2011-01-01','1111111111','PENDING');
INSERT INTO NEWDB_CONTRACT (CUSTOMER_ID,CONTRACT_ID,HOUSE_NUMBER,STREET,ZIPCODE,CITY,ACCOUNT_NUMBER,BANK_CODE,BANK_ACCOUNT_HOLDER,COUNTRY,WM_FLG,RECEPTION,OPERATOR,PLATFORM,OPERATION_DATE,MANDATE_REF_ID,MANDATE_STATUS)VALUES ('3000549538','338361','42','HERMANN-LÖNS-RING','21354','BLECKEDE',null,null,'JUNKER KLAUS','DEUTSCHLAND','N','DVB_S','SKY','SKY_Go','2011-01-01','1111111111','PENDING');
INSERT INTO NEWDB_CONTRACT (CUSTOMER_ID,CONTRACT_ID,HOUSE_NUMBER,STREET,ZIPCODE,CITY,ACCOUNT_NUMBER,BANK_CODE,BANK_ACCOUNT_HOLDER,COUNTRY,WM_FLG,RECEPTION,OPERATOR,PLATFORM,OPERATION_DATE,MANDATE_REF_ID,MANDATE_STATUS)VALUES ('6840000613','40000642','2345','SALIERSTR.','12524','BERLIN',null,null,'ASFDS FASD','DEUTSCHLAND','N','DVB-T','TELEKOM','Terrestrical','2011-01-01','1111111111','PENDING');
INSERT INTO NEWDB_CONTRACT (CUSTOMER_ID,CONTRACT_ID,HOUSE_NUMBER,STREET,ZIPCODE,CITY,ACCOUNT_NUMBER,BANK_CODE,BANK_ACCOUNT_HOLDER,COUNTRY,WM_FLG,RECEPTION,OPERATOR,PLATFORM,OPERATION_DATE,MANDATE_REF_ID,MANDATE_STATUS)VALUES ('6403760849','17063308','04','EFEUWEG','33689','BIELEFELD','0000003456','12070000','GEUER PETRA','DEUTSCHLAND','N','DVB_C','TELEKOM','Terrestrical','2011-01-01','1111111111','PENDING');
INSERT INTO NEWDB_CONTRACT (CUSTOMER_ID,CONTRACT_ID,HOUSE_NUMBER,STREET,ZIPCODE,CITY,ACCOUNT_NUMBER,BANK_CODE,BANK_ACCOUNT_HOLDER,COUNTRY,WM_FLG,RECEPTION,OPERATOR,PLATFORM,OPERATION_DATE,MANDATE_REF_ID,MANDATE_STATUS)VALUES ('1107000779','40006704','1','STRASSE 1','13059','BERLIN','0000003456','12070000','BILLING UBICATIONAS','DEUTSCHLAND','N','DVB_S','SKY','SKY_Go','2011-01-01','1111111111','PENDING');
INSERT INTO NEWDB_CONTRACT (CUSTOMER_ID,CONTRACT_ID,HOUSE_NUMBER,STREET,ZIPCODE,CITY,ACCOUNT_NUMBER,BANK_CODE,BANK_ACCOUNT_HOLDER,COUNTRY,WM_FLG,RECEPTION,OPERATOR,PLATFORM,OPERATION_DATE,MANDATE_REF_ID,MANDATE_STATUS)VALUES ('5007000803','40006555','230','LEOPOLDSTR.','80807','MÜNCHEN','0000002345','10070000','TEST_BM3 TEST_BM3','DEUTSCHLAND','N','DVB-T','TELEKOM','Terrestrical','2011-01-01','1111111111','PENDING');
INSERT INTO NEWDB_CONTRACT (CUSTOMER_ID,CONTRACT_ID,HOUSE_NUMBER,STREET,ZIPCODE,CITY,ACCOUNT_NUMBER,BANK_CODE,BANK_ACCOUNT_HOLDER,COUNTRY,WM_FLG,RECEPTION,OPERATOR,PLATFORM,OPERATION_DATE,MANDATE_REF_ID,MANDATE_STATUS)VALUES ('4307000775','40006898','366','SALDERNSTR.','14059','BERLIN','0000002345','25971024','MEYERS MARK','DEUTSCHLAND','N','DVB_C','TELEKOM','Terrestrical','2011-01-01','1111111111','PENDING');
INSERT INTO NEWDB_CONTRACT (CUSTOMER_ID,CONTRACT_ID,HOUSE_NUMBER,STREET,ZIPCODE,CITY,ACCOUNT_NUMBER,BANK_CODE,BANK_ACCOUNT_HOLDER,COUNTRY,WM_FLG,RECEPTION,OPERATOR,PLATFORM,OPERATION_DATE,MANDATE_REF_ID,MANDATE_STATUS)VALUES ('5111955055','17048996','1','LAUTERER WEG','96148','BAUNACH',null,null,'GRAHAM STEFANIE','DEUTSCHLAND','N','DVB_S','SKY','SKY_Go','2011-01-01','1111111111','PENDING');
INSERT INTO NEWDB_CONTRACT (CUSTOMER_ID,CONTRACT_ID,HOUSE_NUMBER,STREET,ZIPCODE,CITY,ACCOUNT_NUMBER,BANK_CODE,BANK_ACCOUNT_HOLDER,COUNTRY,WM_FLG,RECEPTION,OPERATOR,PLATFORM,OPERATION_DATE,MANDATE_REF_ID,MANDATE_STATUS)VALUES ('1303022750','1149587','12','AM SÜLZBERG','63857','WALDASCHAFF',null,null,'KABAKCI GÜVEN','DEUTSCHLAND','N','DVB-T','TELEKOM','Terrestrical','2011-01-01','1111111111','PENDING');
INSERT INTO NEWDB_CONTRACT (CUSTOMER_ID,CONTRACT_ID,HOUSE_NUMBER,STREET,ZIPCODE,CITY,ACCOUNT_NUMBER,BANK_CODE,BANK_ACCOUNT_HOLDER,COUNTRY,WM_FLG,RECEPTION,OPERATOR,PLATFORM,OPERATION_DATE,MANDATE_REF_ID,MANDATE_STATUS)VALUES ('2707000777','11005054','1','AMMERSTR.','81479','MÜNCHEN',null,null,'TEST1 OLD','DEUTSCHLAND','N','DVB_C','TELEKOM','Terrestrical','2011-01-01','1111111111','PENDING');
INSERT INTO NEWDB_CONTRACT (CUSTOMER_ID,CONTRACT_ID,HOUSE_NUMBER,STREET,ZIPCODE,CITY,ACCOUNT_NUMBER,BANK_CODE,BANK_ACCOUNT_HOLDER,COUNTRY,WM_FLG,RECEPTION,OPERATOR,PLATFORM,OPERATION_DATE,MANDATE_REF_ID,MANDATE_STATUS)VALUES ('1507000749','11005026','100','EINSTEINSTR.','81675','MÜNCHEN',null,null,'IVR2 DEVTEST','DEUTSCHLAND','N','DVB_S','SKY','SKY_Go','2011-01-01','1111111111','PENDING');
UPDATE NEWDB_CONTRACT set CUSTOMER_BIC = BANK_CODE, CUSTOMER_IBAN = ACCOUNT_NUMBER;

REMARK INSERT INTO NEWDB_ASSET (SERIAL_NUMBER,CONTRACT_ID,CUSTOMER_ID,OPERATION_DATE) VALUES ('3937810231','4556837323','5159444220','2011-01-01');
INSERT INTO NEWDB_ASSET (SERIAL_NUMBER,CONTRACT_ID,CUSTOMER_ID,OPERATION_DATE,CONTACT_INTERVAL_7D) VALUES ('777123456789','99123456789','4123456789','2011-01-01','1');
INSERT INTO NEWDB_ASSET (SERIAL_NUMBER,CONTRACT_ID,CUSTOMER_ID,OPERATION_DATE) VALUES ('20907433673042','16927498','4911891547','2011-01-01');
INSERT INTO NEWDB_ASSET (SERIAL_NUMBER,CONTRACT_ID,CUSTOMER_ID,OPERATION_DATE) VALUES ('30000012571808','16927498','4911891547','2011-01-01');
INSERT INTO NEWDB_ASSET (SERIAL_NUMBER,CONTRACT_ID,CUSTOMER_ID,OPERATION_DATE) VALUES ('027830864158','17111729','1411988454','2011-01-01');
INSERT INTO NEWDB_ASSET (SERIAL_NUMBER,CONTRACT_ID,CUSTOMER_ID,OPERATION_DATE) VALUES ('027007728303','16983546','4411920357','2011-01-01');
INSERT INTO NEWDB_ASSET (SERIAL_NUMBER,CONTRACT_ID,CUSTOMER_ID,OPERATION_DATE) VALUES ('027964513655','16983546','4411920357','2011-01-01');
INSERT INTO NEWDB_ASSET (SERIAL_NUMBER,CONTRACT_ID,CUSTOMER_ID,OPERATION_DATE) VALUES ('14206002923537','16983546','4411920357','2011-01-01');
INSERT INTO NEWDB_ASSET (SERIAL_NUMBER,CONTRACT_ID,CUSTOMER_ID,OPERATION_DATE) VALUES ('20907417600621','17048996','5111955055','2011-01-01');
INSERT INTO NEWDB_ASSET (SERIAL_NUMBER,CONTRACT_ID,CUSTOMER_ID,OPERATION_DATE) VALUES ('30000021424668','17048996','5111955055','2011-01-01');
INSERT INTO NEWDB_ASSET (SERIAL_NUMBER,CONTRACT_ID,CUSTOMER_ID,OPERATION_DATE) VALUES ('20907133137392','17049341','4111955291','2011-01-01');
INSERT INTO NEWDB_ASSET (SERIAL_NUMBER,CONTRACT_ID,CUSTOMER_ID,OPERATION_DATE) VALUES ('30000022164362','17049341','4111955291','2011-01-01');
INSERT INTO NEWDB_ASSET (SERIAL_NUMBER,CONTRACT_ID,CUSTOMER_ID,OPERATION_DATE) VALUES ('124166525969','17263139','6312081135','2011-01-01');
INSERT INTO NEWDB_ASSET (SERIAL_NUMBER,CONTRACT_ID,CUSTOMER_ID,OPERATION_DATE) VALUES ('00042951602517','40000624','3040000595','2011-01-01');
INSERT INTO NEWDB_ASSET (SERIAL_NUMBER,CONTRACT_ID,CUSTOMER_ID,OPERATION_DATE) VALUES ('00042953221381','40000624','3040000595','2011-01-01');
INSERT INTO NEWDB_ASSET (SERIAL_NUMBER,CONTRACT_ID,CUSTOMER_ID,OPERATION_DATE) VALUES ('24207006908587','40000624','3040000595','2011-01-01');
INSERT INTO NEWDB_ASSET (SERIAL_NUMBER,CONTRACT_ID,CUSTOMER_ID,OPERATION_DATE) VALUES ('30000020917068','17039906','6811948840','2011-01-01');
INSERT INTO NEWDB_ASSET (SERIAL_NUMBER,CONTRACT_ID,CUSTOMER_ID,OPERATION_DATE) VALUES ('20907262909596','17071979','5811970246','2011-01-01');
INSERT INTO NEWDB_ASSET (SERIAL_NUMBER,CONTRACT_ID,CUSTOMER_ID,OPERATION_DATE) VALUES ('30000009848243','17071979','5811970246','2011-01-01');
INSERT INTO NEWDB_ASSET (SERIAL_NUMBER,CONTRACT_ID,CUSTOMER_ID,OPERATION_DATE) VALUES ('30000011404662','17043439','3011951839','2011-01-01');
INSERT INTO NEWDB_ASSET (SERIAL_NUMBER,CONTRACT_ID,CUSTOMER_ID,OPERATION_DATE) VALUES ('21132000823848','17060655','3911962938','2011-01-01');
INSERT INTO NEWDB_ASSET (SERIAL_NUMBER,CONTRACT_ID,CUSTOMER_ID,OPERATION_DATE) VALUES ('30000020898177','17060655','3911962938','2011-01-01');
INSERT INTO NEWDB_ASSET (SERIAL_NUMBER,CONTRACT_ID,CUSTOMER_ID,OPERATION_DATE) VALUES ('0278171231718','17057705','1911961071','2011-01-01');
INSERT INTO NEWDB_ASSET (SERIAL_NUMBER,CONTRACT_ID,CUSTOMER_ID,OPERATION_DATE) VALUES ('124132628081','17057705','1911961071','2011-01-01');
INSERT INTO NEWDB_ASSET (SERIAL_NUMBER,CONTRACT_ID,CUSTOMER_ID,OPERATION_DATE) VALUES ('124444997590','17057705','1911961071','2011-01-01');
INSERT INTO NEWDB_ASSET (SERIAL_NUMBER,CONTRACT_ID,CUSTOMER_ID,OPERATION_DATE) VALUES ('027848057889','17057936','1111961206','2011-01-01');
INSERT INTO NEWDB_ASSET (SERIAL_NUMBER,CONTRACT_ID,CUSTOMER_ID,OPERATION_DATE) VALUES ('11125001821316','17057936','1111961206','2011-01-01');
INSERT INTO NEWDB_ASSET (SERIAL_NUMBER,CONTRACT_ID,CUSTOMER_ID,OPERATION_DATE) VALUES ('11135000108910','17057936','1111961206','2011-01-01');
INSERT INTO NEWDB_ASSET (SERIAL_NUMBER,CONTRACT_ID,CUSTOMER_ID,OPERATION_DATE) VALUES ('30000026649434','17057936','1111961206','2011-01-01');
INSERT INTO NEWDB_ASSET (SERIAL_NUMBER,CONTRACT_ID,CUSTOMER_ID,OPERATION_DATE) VALUES ('62816000109112','17057936','1111961206','2011-01-01');
INSERT INTO NEWDB_ASSET (SERIAL_NUMBER,CONTRACT_ID,CUSTOMER_ID,OPERATION_DATE) VALUES ('124015703450','17195126','4612040503','2011-01-01');
INSERT INTO NEWDB_ASSET (SERIAL_NUMBER,CONTRACT_ID,CUSTOMER_ID,OPERATION_DATE) VALUES ('027623151530','1321533','5103270791','2011-01-01');
INSERT INTO NEWDB_ASSET (SERIAL_NUMBER,CONTRACT_ID,CUSTOMER_ID,OPERATION_DATE) VALUES ('20907001588606','1321533','5103270791','2011-01-01');
INSERT INTO NEWDB_ASSET (SERIAL_NUMBER,CONTRACT_ID,CUSTOMER_ID,OPERATION_DATE) VALUES ('20907120699209','1321533','5103270791','2011-01-01');
INSERT INTO NEWDB_ASSET (SERIAL_NUMBER,CONTRACT_ID,CUSTOMER_ID,OPERATION_DATE) VALUES ('051076565353','11004930','6407000655','2011-01-01');
INSERT INTO NEWDB_ASSET (SERIAL_NUMBER,CONTRACT_ID,CUSTOMER_ID,OPERATION_DATE) VALUES ('14206007778185','11004930','6407000655','2011-01-01');
INSERT INTO NEWDB_ASSET (SERIAL_NUMBER,CONTRACT_ID,CUSTOMER_ID,OPERATION_DATE) VALUES ('22814000180003','11005054','2707000777','2011-01-01');
INSERT INTO NEWDB_ASSET (SERIAL_NUMBER,CONTRACT_ID,CUSTOMER_ID,OPERATION_DATE) VALUES ('051076568585','11004933','4807000657','2011-01-01');
INSERT INTO NEWDB_ASSET (SERIAL_NUMBER,CONTRACT_ID,CUSTOMER_ID,OPERATION_DATE) VALUES ('14206005663333','11005026','1507000749','2011-01-01');
INSERT INTO NEWDB_ASSET (SERIAL_NUMBER,CONTRACT_ID,CUSTOMER_ID,OPERATION_DATE) VALUES ('53301052535974','11005026','1507000749','2011-01-01');
INSERT INTO NEWDB_ASSET (SERIAL_NUMBER,CONTRACT_ID,CUSTOMER_ID,OPERATION_DATE) VALUES ('30000009827510','40000676','4040000646','2011-01-01');
INSERT INTO NEWDB_ASSET (SERIAL_NUMBER,CONTRACT_ID,CUSTOMER_ID,OPERATION_DATE) VALUES ('20907252099798','227993','4300376008','2011-01-01');
INSERT INTO NEWDB_ASSET (SERIAL_NUMBER,CONTRACT_ID,CUSTOMER_ID,OPERATION_DATE) VALUES ('027665988808','2631869','2205060814','2011-01-01');
INSERT INTO NEWDB_ASSET (SERIAL_NUMBER,CONTRACT_ID,CUSTOMER_ID,OPERATION_DATE) VALUES ('21104010971323','2631869','2205060814','2011-01-01');
INSERT INTO NEWDB_ASSET (SERIAL_NUMBER,CONTRACT_ID,CUSTOMER_ID,OPERATION_DATE) VALUES ('20907260822828','338361','3000549538','2011-01-01');
INSERT INTO NEWDB_ASSET (SERIAL_NUMBER,CONTRACT_ID,CUSTOMER_ID,OPERATION_DATE) VALUES ('027671393241','3052621','5805642098','2011-01-01');
INSERT INTO NEWDB_ASSET (SERIAL_NUMBER,CONTRACT_ID,CUSTOMER_ID,OPERATION_DATE) VALUES ('027625637989','3497778','4306053980','2011-01-01');
INSERT INTO NEWDB_ASSET (SERIAL_NUMBER,CONTRACT_ID,CUSTOMER_ID,OPERATION_DATE) VALUES ('21104013977586','3497778','4306053980','2011-01-01');
INSERT INTO NEWDB_ASSET (SERIAL_NUMBER,CONTRACT_ID,CUSTOMER_ID,OPERATION_DATE) VALUES ('027616612328','11479576','1500571250','2011-01-01');
INSERT INTO NEWDB_ASSET (SERIAL_NUMBER,CONTRACT_ID,CUSTOMER_ID,OPERATION_DATE) VALUES ('20902106023655','11479576','1500571250','2011-01-01');
INSERT INTO NEWDB_ASSET (SERIAL_NUMBER,CONTRACT_ID,CUSTOMER_ID,OPERATION_DATE) VALUES ('20907259688586','11479576','1500571250','2011-01-01');
INSERT INTO NEWDB_ASSET (SERIAL_NUMBER,CONTRACT_ID,CUSTOMER_ID,OPERATION_DATE) VALUES ('20907417934143','11674310','2809388171','2011-01-01');
INSERT INTO NEWDB_ASSET (SERIAL_NUMBER,CONTRACT_ID,CUSTOMER_ID,OPERATION_DATE) VALUES ('30000009803115','11674310','2809388171','2011-01-01');
INSERT INTO NEWDB_ASSET (SERIAL_NUMBER,CONTRACT_ID,CUSTOMER_ID,OPERATION_DATE) VALUES ('027618565470','1994125','1804276860','2011-01-01');
INSERT INTO NEWDB_ASSET (SERIAL_NUMBER,CONTRACT_ID,CUSTOMER_ID,OPERATION_DATE) VALUES ('21104002256880','1994125','1804276860','2011-01-01');
INSERT INTO NEWDB_ASSET (SERIAL_NUMBER,CONTRACT_ID,CUSTOMER_ID,OPERATION_DATE) VALUES ('20907107046978','16945278','5811903677','2011-01-01');
INSERT INTO NEWDB_ASSET (SERIAL_NUMBER,CONTRACT_ID,CUSTOMER_ID,OPERATION_DATE) VALUES ('30000001831510','16945278','5811903677','2011-01-01');
INSERT INTO NEWDB_ASSET (SERIAL_NUMBER,CONTRACT_ID,CUSTOMER_ID,OPERATION_DATE) VALUES ('14206007777882','11005104','3807000834','2011-01-01');
INSERT INTO NEWDB_ASSET (SERIAL_NUMBER,CONTRACT_ID,CUSTOMER_ID,OPERATION_DATE) VALUES ('20907306132121','17063308','6403760849','2011-01-01');
INSERT INTO NEWDB_ASSET (SERIAL_NUMBER,CONTRACT_ID,CUSTOMER_ID,OPERATION_DATE) VALUES ('30000010489391','17063308','6403760849','2011-01-01');
INSERT INTO NEWDB_ASSET (SERIAL_NUMBER,CONTRACT_ID,CUSTOMER_ID,OPERATION_DATE) VALUES ('30000009099797','1461601','5903474205','2011-01-01');
INSERT INTO NEWDB_ASSET (SERIAL_NUMBER,CONTRACT_ID,CUSTOMER_ID,OPERATION_DATE) VALUES ('14206003499508','11005131','4907000856','2011-01-01');
INSERT INTO NEWDB_ASSET (SERIAL_NUMBER,CONTRACT_ID,CUSTOMER_ID,OPERATION_DATE) VALUES ('20902107482024','11005131','4907000856','2011-01-01');
INSERT INTO NEWDB_ASSET (SERIAL_NUMBER,CONTRACT_ID,CUSTOMER_ID,OPERATION_DATE) VALUES ('53301096947592','11005131','4907000856','2011-01-01');
INSERT INTO NEWDB_ASSET (SERIAL_NUMBER,CONTRACT_ID,CUSTOMER_ID,OPERATION_DATE) VALUES ('30000022756431','40000613','6940000584','2011-01-01');
INSERT INTO NEWDB_ASSET (SERIAL_NUMBER,CONTRACT_ID,CUSTOMER_ID,OPERATION_DATE) VALUES ('027657252849','290410','2400478149','2011-01-01');
INSERT INTO NEWDB_ASSET (SERIAL_NUMBER,CONTRACT_ID,CUSTOMER_ID,OPERATION_DATE) VALUES ('027831169697','1013067','5102224239','2011-01-01');
INSERT INTO NEWDB_ASSET (SERIAL_NUMBER,CONTRACT_ID,CUSTOMER_ID,OPERATION_DATE) VALUES ('11109004110525','1013067','5102224239','2011-01-01');
INSERT INTO NEWDB_ASSET (SERIAL_NUMBER,CONTRACT_ID,CUSTOMER_ID,OPERATION_DATE) VALUES ('051068635365','510337','4400806187','2011-01-01');
INSERT INTO NEWDB_ASSET (SERIAL_NUMBER,CONTRACT_ID,CUSTOMER_ID,OPERATION_DATE) VALUES ('11109005228905','510337','4400806187','2011-01-01');
INSERT INTO NEWDB_ASSET (SERIAL_NUMBER,CONTRACT_ID,CUSTOMER_ID,OPERATION_DATE) VALUES ('027809866272','5506440','4603455404','2011-01-01');
INSERT INTO NEWDB_ASSET (SERIAL_NUMBER,CONTRACT_ID,CUSTOMER_ID,OPERATION_DATE) VALUES ('11906138179295','5506440','4603455404','2011-01-01');
INSERT INTO NEWDB_ASSET (SERIAL_NUMBER,CONTRACT_ID,CUSTOMER_ID,OPERATION_DATE) VALUES ('027721344154','16820995','1305928478','2011-01-01');
INSERT INTO NEWDB_ASSET (SERIAL_NUMBER,CONTRACT_ID,CUSTOMER_ID,OPERATION_DATE) VALUES ('027624602850','1253765','2903173340','2011-01-01');
INSERT INTO NEWDB_ASSET (SERIAL_NUMBER,CONTRACT_ID,CUSTOMER_ID,OPERATION_DATE) VALUES ('21104002553049','1253765','2903173340','2011-01-01');
INSERT INTO NEWDB_ASSET (SERIAL_NUMBER,CONTRACT_ID,CUSTOMER_ID,OPERATION_DATE) VALUES ('027662811315','14092402','4400328306','2011-01-01');
INSERT INTO NEWDB_ASSET (SERIAL_NUMBER,CONTRACT_ID,CUSTOMER_ID,OPERATION_DATE) VALUES ('30000007723034','181830','4700291040','2011-01-01');
INSERT INTO NEWDB_ASSET (SERIAL_NUMBER,CONTRACT_ID,CUSTOMER_ID,OPERATION_DATE) VALUES ('051014864461','758679','5201157940','2011-01-01');
INSERT INTO NEWDB_ASSET (SERIAL_NUMBER,CONTRACT_ID,CUSTOMER_ID,OPERATION_DATE) VALUES ('11102814291630','758679','5201157940','2011-01-01');
INSERT INTO NEWDB_ASSET (SERIAL_NUMBER,CONTRACT_ID,CUSTOMER_ID,OPERATION_DATE) VALUES ('027615794156','221340','5300360907','2011-01-01');
INSERT INTO NEWDB_ASSET (SERIAL_NUMBER,CONTRACT_ID,CUSTOMER_ID,OPERATION_DATE) VALUES ('21104010589108','221340','5300360907','2011-01-01');
INSERT INTO NEWDB_ASSET (SERIAL_NUMBER,CONTRACT_ID,CUSTOMER_ID,OPERATION_DATE) VALUES ('027620801525','1149587','1303022750','2011-01-01');
INSERT INTO NEWDB_ASSET (SERIAL_NUMBER,CONTRACT_ID,CUSTOMER_ID,OPERATION_DATE) VALUES ('21104001273137','1149587','1303022750','2011-01-01');
INSERT INTO NEWDB_ASSET (SERIAL_NUMBER,CONTRACT_ID,CUSTOMER_ID,OPERATION_DATE) VALUES ('027831060216','2518484','1404913109','2011-01-01');
INSERT INTO NEWDB_ASSET (SERIAL_NUMBER,CONTRACT_ID,CUSTOMER_ID,OPERATION_DATE) VALUES ('11109004045265','2518484','1404913109','2011-01-01');
INSERT INTO NEWDB_ASSET (SERIAL_NUMBER,CONTRACT_ID,CUSTOMER_ID,OPERATION_DATE) VALUES ('027624732537','1572673','1203634913','2011-01-01');
INSERT INTO NEWDB_ASSET (SERIAL_NUMBER,CONTRACT_ID,CUSTOMER_ID,OPERATION_DATE) VALUES ('027669473233','5799576','6005021562','2011-01-01');
INSERT INTO NEWDB_ASSET (SERIAL_NUMBER,CONTRACT_ID,CUSTOMER_ID,OPERATION_DATE) VALUES ('21104006656782','5799576','6005021562','2011-01-01');
INSERT INTO NEWDB_ASSET (SERIAL_NUMBER,CONTRACT_ID,CUSTOMER_ID,OPERATION_DATE) VALUES ('027673705262','2292870','4204641967','2011-01-01');
INSERT INTO NEWDB_ASSET (SERIAL_NUMBER,CONTRACT_ID,CUSTOMER_ID,OPERATION_DATE) VALUES ('21104008968298','2292870','4204641967','2011-01-01');
INSERT INTO NEWDB_ASSET (SERIAL_NUMBER,CONTRACT_ID,CUSTOMER_ID,OPERATION_DATE) VALUES ('30000021243225','11005131','4640003609','2011-01-01');
