SET DEFINE OFF

-- Befüllt die Tabellen für die Simulation der NewDB-Tabellen
--------------------------------------------------------
--  Data for table NEWDB_CUSTOMERS
--------------------------------------------------------

INSERT INTO ITYX_CX_DEV.NEWDB_CUSTOMER (CUSTOMER_ID, MOBILE_NUMBER, EMAIL_ADDRESS, FIRST_NAME, LAST_NAME, TELEPHONE_NUMBER, STATUS, ROW_ID) 
VALUES ('P000430', '0123546587', NULL, 'MARLENE', 'BLAU', '-', 'INTERESSENT','1-P000430');

INSERT INTO ITYX_CX_DEV.NEWDB_CUSTOMER (CUSTOMER_ID, MOBILE_NUMBER, EMAIL_ADDRESS, FIRST_NAME, LAST_NAME, TELEPHONE_NUMBER, STATUS, ROW_ID) 
VALUES ('P000432', '01702265489', NULL, 'MARTHA', 'MANNIONI', '-', 'INTERESSENT','1-P000432');

INSERT INTO ITYX_CX_DEV.NEWDB_CUSTOMER (CUSTOMER_ID, MOBILE_NUMBER, EMAIL_ADDRESS, FIRST_NAME, LAST_NAME, TELEPHONE_NUMBER, STATUS, ROW_ID) 
VALUES ('1107000779', '-', 'test@test.de', 'UBICATIONAS', 'BILLING', '0492367426', 'UNTERZEICHNET','1-1107000779');

INSERT INTO ITYX_CX_DEV.NEWDB_CUSTOMER (CUSTOMER_ID, MOBILE_NUMBER, EMAIL_ADDRESS, FIRST_NAME, LAST_NAME, TELEPHONE_NUMBER, STATUS, ROW_ID) 
VALUES ('1111961206', '-', NULL, 'ANGELIKA', 'YÜZGEC', '01638360882', 'AKTIV','1-1111961206');

INSERT INTO ITYX_CX_DEV.NEWDB_CUSTOMER (CUSTOMER_ID, MOBILE_NUMBER, EMAIL_ADDRESS, FIRST_NAME, LAST_NAME, TELEPHONE_NUMBER, STATUS, ROW_ID) 
VALUES ('1203634913', '-', NULL, 'JÜRGEN', 'MEIER', '09118147768', 'UNTERZEICHNET','1-1203634913');

INSERT INTO ITYX_CX_DEV.NEWDB_CUSTOMER (CUSTOMER_ID, MOBILE_NUMBER, EMAIL_ADDRESS, FIRST_NAME, LAST_NAME, TELEPHONE_NUMBER, STATUS, ROW_ID) 
VALUES ('1302297222', '-', NULL, 'AXEL', 'WENING', '0208672182', 'UNTERZEICHNET','1-1302297222');

INSERT INTO ITYX_CX_DEV.NEWDB_CUSTOMER (CUSTOMER_ID, MOBILE_NUMBER, EMAIL_ADDRESS, FIRST_NAME, LAST_NAME, TELEPHONE_NUMBER, STATUS, ROW_ID) 
VALUES ('1303022750', '-', 'gueven.kabakci@hotmail.com', 'GÜVEN', 'KABAKCI', '06095995207', 'AKTIV','1-1303022750');

INSERT INTO ITYX_CX_DEV.NEWDB_CUSTOMER (CUSTOMER_ID, MOBILE_NUMBER, EMAIL_ADDRESS, FIRST_NAME, LAST_NAME, TELEPHONE_NUMBER, STATUS, ROW_ID) 
VALUES ('1305928478', '-', NULL, 'MICHAEL', 'ROMANOWSKI', '01722634177', 'AKTIV','1-1305928478');

INSERT INTO ITYX_CX_DEV.NEWDB_CUSTOMER (CUSTOMER_ID, MOBILE_NUMBER, EMAIL_ADDRESS, FIRST_NAME, LAST_NAME, TELEPHONE_NUMBER, STATUS, ROW_ID) 
VALUES ('1307000791', '-', NULL, 'GIORGIO', 'STAMPA3', '07654345', 'UNTERZEICHNET','1-1307000791');

INSERT INTO ITYX_CX_DEV.NEWDB_CUSTOMER (CUSTOMER_ID, MOBILE_NUMBER, EMAIL_ADDRESS, FIRST_NAME, LAST_NAME, TELEPHONE_NUMBER, STATUS, ROW_ID) 
VALUES ('1404913109', '-', NULL, 'WOLFGANG', 'ZEITZMANN', '0305412169', 'AKTIV','1-1404913109');

INSERT INTO ITYX_CX_DEV.NEWDB_CUSTOMER (CUSTOMER_ID, MOBILE_NUMBER, EMAIL_ADDRESS, FIRST_NAME, LAST_NAME, TELEPHONE_NUMBER, STATUS, ROW_ID) 
VALUES ('1407000896', '-', 'T@TEST.DE', 'TEST_FABBIO', 'TEST_FABBIO', '0345678987654', 'UNTERZEICHNET','1-1407000896');

INSERT INTO ITYX_CX_DEV.NEWDB_CUSTOMER (CUSTOMER_ID, MOBILE_NUMBER, EMAIL_ADDRESS, FIRST_NAME, LAST_NAME, TELEPHONE_NUMBER, STATUS, ROW_ID) 
VALUES ('1411988454', '-', 'anne-katrin85@gmx.de', 'ANNE-KATRIN', 'STOLL', '03616026138', 'AKTIV','1-1411988454');

INSERT INTO ITYX_CX_DEV.NEWDB_CUSTOMER (CUSTOMER_ID, MOBILE_NUMBER, EMAIL_ADDRESS, FIRST_NAME, LAST_NAME, TELEPHONE_NUMBER, STATUS, ROW_ID) 
VALUES ('1500571250', '-', NULL, 'ARMIN', 'KLAPDOR', '02744932275', 'GESPERRT','1-1500571250');

INSERT INTO ITYX_CX_DEV.NEWDB_CUSTOMER (CUSTOMER_ID, MOBILE_NUMBER, EMAIL_ADDRESS, FIRST_NAME, LAST_NAME, TELEPHONE_NUMBER, STATUS, ROW_ID) 
VALUES ('1507000749', '-', 'test@test.de', 'DEVTEST', 'IVR2', '02329329', 'UNTERZEICHNET','1-1507000749');

INSERT INTO ITYX_CX_DEV.NEWDB_CUSTOMER (CUSTOMER_ID, MOBILE_NUMBER, EMAIL_ADDRESS, FIRST_NAME, LAST_NAME, TELEPHONE_NUMBER, STATUS, ROW_ID) 
VALUES ('1607000755', '-', 'TEST@TEST.DE', 'TEST', 'LOG MAN KBW-5', '023451235612', 'UNTERZEICHNET','1-1607000755');

INSERT INTO ITYX_CX_DEV.NEWDB_CUSTOMER (CUSTOMER_ID, MOBILE_NUMBER, EMAIL_ADDRESS, FIRST_NAME, LAST_NAME, TELEPHONE_NUMBER, STATUS, ROW_ID) 
VALUES ('1707000761', '-', 'efvwe@fdfk.it', 'MARIO', 'COCCO', '023838383', 'INAKTIV','1-1707000761');

INSERT INTO ITYX_CX_DEV.NEWDB_CUSTOMER (CUSTOMER_ID, MOBILE_NUMBER, EMAIL_ADDRESS, FIRST_NAME, LAST_NAME, TELEPHONE_NUMBER, STATUS, ROW_ID) 
VALUES ('1804276860', '-', 'berger-hermsdorf@t-online.de', 'MANFRED', 'BERGER', '03723413868', 'AKTIV','1-1804276860');

INSERT INTO ITYX_CX_DEV.NEWDB_CUSTOMER (CUSTOMER_ID, MOBILE_NUMBER, EMAIL_ADDRESS, FIRST_NAME, LAST_NAME, TELEPHONE_NUMBER, STATUS, ROW_ID) 
VALUES ('1807000807', '-', 'fv@edjk.it', 'CICCIO', 'LIFE', '0238383838', 'UNTERZEICHNET','1-1807000807');

INSERT INTO ITYX_CX_DEV.NEWDB_CUSTOMER (CUSTOMER_ID, MOBILE_NUMBER, EMAIL_ADDRESS, FIRST_NAME, LAST_NAME, TELEPHONE_NUMBER, STATUS, ROW_ID) 
VALUES ('1911961071', '-', NULL, 'ADELHEID', 'PLANKEN', '0230561624', 'AKTIV','1-1911961071');

INSERT INTO ITYX_CX_DEV.NEWDB_CUSTOMER (CUSTOMER_ID, MOBILE_NUMBER, EMAIL_ADDRESS, FIRST_NAME, LAST_NAME, TELEPHONE_NUMBER, STATUS, ROW_ID) 
VALUES ('2107000790', '-', 'io@io.de', 'GIORGIO', 'STAMPA3', '0987657890', 'UNTERZEICHNET','1-2107000790');

INSERT INTO ITYX_CX_DEV.NEWDB_CUSTOMER (CUSTOMER_ID, MOBILE_NUMBER, EMAIL_ADDRESS, FIRST_NAME, LAST_NAME, TELEPHONE_NUMBER, STATUS, ROW_ID) 
VALUES ('2205060814', '-', 'k.richter@web.de', 'KARSTEN', 'RICHTER', '01723643685', 'UNTERZEICHNET','1-2205060814');

INSERT INTO ITYX_CX_DEV.NEWDB_CUSTOMER (CUSTOMER_ID, MOBILE_NUMBER, EMAIL_ADDRESS, FIRST_NAME, LAST_NAME, TELEPHONE_NUMBER, STATUS, ROW_ID) 
VALUES ('2300683413', '-', 'karl.becker@telebel-dsl.de', 'MAGDALENE', 'BECKER', '02122441988', 'UNTERZEICHNET','1-2300683413');

INSERT INTO ITYX_CX_DEV.NEWDB_CUSTOMER (CUSTOMER_ID, MOBILE_NUMBER, EMAIL_ADDRESS, FIRST_NAME, LAST_NAME, TELEPHONE_NUMBER, STATUS, ROW_ID) 
VALUES ('2307000748', '-', 'test@test.de', 'DEVTEST', 'IVR', '02328328', 'INAKTIV','1-2307000748');

INSERT INTO ITYX_CX_DEV.NEWDB_CUSTOMER (CUSTOMER_ID, MOBILE_NUMBER, EMAIL_ADDRESS, FIRST_NAME, LAST_NAME, TELEPHONE_NUMBER, STATUS, ROW_ID) 
VALUES ('2400478149', '-', NULL, 'BJÖRN', 'SCHWANDT', '03378202313', 'UNTERZEICHNET','1-2400478149');

INSERT INTO ITYX_CX_DEV.NEWDB_CUSTOMER (CUSTOMER_ID, MOBILE_NUMBER, EMAIL_ADDRESS, FIRST_NAME, LAST_NAME, TELEPHONE_NUMBER, STATUS, ROW_ID) 
VALUES ('2707000777', '-', 'test@test.de', 'OLD', 'TEST1', '032345674', 'BEENDET','1-2707000777');

INSERT INTO ITYX_CX_DEV.NEWDB_CUSTOMER (CUSTOMER_ID, MOBILE_NUMBER, EMAIL_ADDRESS, FIRST_NAME, LAST_NAME, TELEPHONE_NUMBER, STATUS, ROW_ID) 
VALUES ('2809388171', '-', 'nico-norbi@freenet.de', 'NICO', 'PFENNIG', '03383541719', 'AKTIV','1-2809388171');

INSERT INTO ITYX_CX_DEV.NEWDB_CUSTOMER (CUSTOMER_ID, MOBILE_NUMBER, EMAIL_ADDRESS, FIRST_NAME, LAST_NAME, TELEPHONE_NUMBER, STATUS, ROW_ID) 
VALUES ('2903173340', '-', NULL, 'BRUNO', 'MICHLBAUER', '086312780', 'AKTIV','1-2903173340');

INSERT INTO ITYX_CX_DEV.NEWDB_CUSTOMER (CUSTOMER_ID, MOBILE_NUMBER, EMAIL_ADDRESS, FIRST_NAME, LAST_NAME, TELEPHONE_NUMBER, STATUS, ROW_ID) 
VALUES ('2905889377', '-', NULL, 'KLAUS-JÜRGEN', 'NEUMANN', '03361304871', 'UNTERZEICHNET','1-2905889377');

INSERT INTO ITYX_CX_DEV.NEWDB_CUSTOMER (CUSTOMER_ID, MOBILE_NUMBER, EMAIL_ADDRESS, FIRST_NAME, LAST_NAME, TELEPHONE_NUMBER, STATUS, ROW_ID) 
VALUES ('2907000636', '-', NULL, 'RINO', 'MALACCIO', '073737373', 'UNTERZEICHNET','1-2907000636');

INSERT INTO ITYX_CX_DEV.NEWDB_CUSTOMER (CUSTOMER_ID, MOBILE_NUMBER, EMAIL_ADDRESS, FIRST_NAME, LAST_NAME, TELEPHONE_NUMBER, STATUS, ROW_ID) 
VALUES ('3000549538', '-', 'junkerklaus@t-online.de', 'KLAUS', 'JUNKER', '05854969999', 'UNTERZEICHNET','1-3000549538');

INSERT INTO ITYX_CX_DEV.NEWDB_CUSTOMER (CUSTOMER_ID, MOBILE_NUMBER, EMAIL_ADDRESS, FIRST_NAME, LAST_NAME, TELEPHONE_NUMBER, STATUS, ROW_ID) 
VALUES ('3011951839', '-', NULL, 'CHRISTIAN', 'LIEBRICH', '015119303162', 'AKTIV','1-3011951839');

INSERT INTO ITYX_CX_DEV.NEWDB_CUSTOMER (CUSTOMER_ID, MOBILE_NUMBER, EMAIL_ADDRESS, FIRST_NAME, LAST_NAME, TELEPHONE_NUMBER, STATUS, ROW_ID) 
VALUES ('3040000595', '-', 'q@q.de', 'TEST', 'TEST', '0234235234', 'AKTIV','1-3040000595');

INSERT INTO ITYX_CX_DEV.NEWDB_CUSTOMER (CUSTOMER_ID, MOBILE_NUMBER, EMAIL_ADDRESS, FIRST_NAME, LAST_NAME, TELEPHONE_NUMBER, STATUS, ROW_ID) 
VALUES ('3207000659', '-', 'test@test.de', 'TEST', 'IVR14', '023456789', 'UNTERZEICHNET','1-3207000659');

INSERT INTO ITYX_CX_DEV.NEWDB_CUSTOMER (CUSTOMER_ID, MOBILE_NUMBER, EMAIL_ADDRESS, FIRST_NAME, LAST_NAME, TELEPHONE_NUMBER, STATUS, ROW_ID) 
VALUES ('3307000700', '-', NULL, 'NOME33', 'COGNOME33', '01020304', 'UNTERZEICHNET','1-3307000700');

INSERT INTO ITYX_CX_DEV.NEWDB_CUSTOMER (CUSTOMER_ID, MOBILE_NUMBER, EMAIL_ADDRESS, FIRST_NAME, LAST_NAME, TELEPHONE_NUMBER, STATUS, ROW_ID) 
VALUES ('3400874639', '-', NULL, 'ANDREAS', 'JAHN', '08268738', 'UNTERZEICHNET','1-3400874639');

INSERT INTO ITYX_CX_DEV.NEWDB_CUSTOMER (CUSTOMER_ID, MOBILE_NUMBER, EMAIL_ADDRESS, FIRST_NAME, LAST_NAME, TELEPHONE_NUMBER, STATUS, ROW_ID) 
VALUES ('3507000969', '-', 'kölle@llaa.ff', 'TEST', 'CRM_20', '0123456789', 'UNTERZEICHNET','1-3507000969');

INSERT INTO ITYX_CX_DEV.NEWDB_CUSTOMER (CUSTOMER_ID, MOBILE_NUMBER, EMAIL_ADDRESS, FIRST_NAME, LAST_NAME, TELEPHONE_NUMBER, STATUS, ROW_ID) 
VALUES ('3607000782', '-', 'test@test.de', 'TEST', 'KDG91', '02329329', 'BEENDET','1-3607000782');

INSERT INTO ITYX_CX_DEV.NEWDB_CUSTOMER (CUSTOMER_ID, MOBILE_NUMBER, EMAIL_ADDRESS, FIRST_NAME, LAST_NAME, TELEPHONE_NUMBER, STATUS, ROW_ID) 
VALUES ('3807000834', '-', 'io@io.de', 'GIORGIO', 'LISTINO', '0987654', 'UNTERZEICHNET','1-3807000834');

INSERT INTO ITYX_CX_DEV.NEWDB_CUSTOMER (CUSTOMER_ID, MOBILE_NUMBER, EMAIL_ADDRESS, FIRST_NAME, LAST_NAME, TELEPHONE_NUMBER, STATUS, ROW_ID) 
VALUES ('3911962938', '-', 'juergi68@hotmail.de', 'JÜRGEN-HEINZ', 'KRAUS', '06482941585', 'AKTIV','1-3911962938');

INSERT INTO ITYX_CX_DEV.NEWDB_CUSTOMER (CUSTOMER_ID, MOBILE_NUMBER, EMAIL_ADDRESS, FIRST_NAME, LAST_NAME, TELEPHONE_NUMBER, STATUS, ROW_ID) 
VALUES ('4000952054', '-', 'christian.christiane@web.de', 'CHRISTIAN', 'GRÄBE', '0643030152', 'BEENDET','1-4000952054');

INSERT INTO ITYX_CX_DEV.NEWDB_CUSTOMER (CUSTOMER_ID, MOBILE_NUMBER, EMAIL_ADDRESS, FIRST_NAME, LAST_NAME, TELEPHONE_NUMBER, STATUS, ROW_ID) 
VALUES ('4040000646', '-', 'werty@ji.com', 'TEST678', 'TEST678', '04898765432', 'AKTIV','1-4040000646');

INSERT INTO ITYX_CX_DEV.NEWDB_CUSTOMER (CUSTOMER_ID, MOBILE_NUMBER, EMAIL_ADDRESS, FIRST_NAME, LAST_NAME, TELEPHONE_NUMBER, STATUS, ROW_ID) 
VALUES ('4101281596', '-', 'tetz@tetz-ingenieure.de', 'CHRISTOPH', 'TETZ', '02433911013', 'UNTERZEICHNET','1-4101281596');

INSERT INTO ITYX_CX_DEV.NEWDB_CUSTOMER (CUSTOMER_ID, MOBILE_NUMBER, EMAIL_ADDRESS, FIRST_NAME, LAST_NAME, TELEPHONE_NUMBER, STATUS, ROW_ID) 
VALUES ('4106446060', '-', 'ralf.rockenbuch@t-online.de', 'RALF', 'ROCKENBUCH', '06050906885', 'UNTERZEICHNET','1-4106446060');

INSERT INTO ITYX_CX_DEV.NEWDB_CUSTOMER (CUSTOMER_ID, MOBILE_NUMBER, EMAIL_ADDRESS, FIRST_NAME, LAST_NAME, TELEPHONE_NUMBER, STATUS, ROW_ID) 
VALUES ('4107000951', '-', 'hier.s@nm.ia', 'TEST', 'CRM_14', '081064544545', 'UNTERZEICHNET','1-4107000951');

INSERT INTO ITYX_CX_DEV.NEWDB_CUSTOMER (CUSTOMER_ID, MOBILE_NUMBER, EMAIL_ADDRESS, FIRST_NAME, LAST_NAME, TELEPHONE_NUMBER, STATUS, ROW_ID) 
VALUES ('4111955291', '-', NULL, 'SUSI CHRISTINE', 'FLOCK', '023813707623', 'AKTIV','1-4111955291');

INSERT INTO ITYX_CX_DEV.NEWDB_CUSTOMER (CUSTOMER_ID, MOBILE_NUMBER, EMAIL_ADDRESS, FIRST_NAME, LAST_NAME, TELEPHONE_NUMBER, STATUS, ROW_ID) 
VALUES ('4204641967', '-', NULL, 'HANS-JÜRGEN', 'WELLNER', '03662420373', 'UNTERZEICHNET','1-4204641967');

INSERT INTO ITYX_CX_DEV.NEWDB_CUSTOMER (CUSTOMER_ID, MOBILE_NUMBER, EMAIL_ADDRESS, FIRST_NAME, LAST_NAME, TELEPHONE_NUMBER, STATUS, ROW_ID) 
VALUES ('4300376008', '0342342234', 'kkkkkkkkk@dsfsd.it', 'MARTIN', 'SELL', '0000876876', 'UNTERZEICHNET','1-4300376008');

INSERT INTO ITYX_CX_DEV.NEWDB_CUSTOMER (CUSTOMER_ID, MOBILE_NUMBER, EMAIL_ADDRESS, FIRST_NAME, LAST_NAME, TELEPHONE_NUMBER, STATUS, ROW_ID) 
VALUES ('4306053980', '-', NULL, 'RALF', 'HENSEL', '0232560386', 'UNTERZEICHNET','1-4306053980');

INSERT INTO ITYX_CX_DEV.NEWDB_CUSTOMER (CUSTOMER_ID, MOBILE_NUMBER, EMAIL_ADDRESS, FIRST_NAME, LAST_NAME, TELEPHONE_NUMBER, STATUS, ROW_ID) 
VALUES ('4307000716', '-', 'test@gmail.com', 'TEST', 'LOGISTIC 3', '034567890', 'UNTERZEICHNET','1-4307000716');

INSERT INTO ITYX_CX_DEV.NEWDB_CUSTOMER (CUSTOMER_ID, MOBILE_NUMBER, EMAIL_ADDRESS, FIRST_NAME, LAST_NAME, TELEPHONE_NUMBER, STATUS, ROW_ID) 
VALUES ('4307000775', '-', 'mmeyers@freemail.de', 'MARK', 'MEYERS', '04065438765', 'UNTERZEICHNET','1-4307000775');

INSERT INTO ITYX_CX_DEV.NEWDB_CUSTOMER (CUSTOMER_ID, MOBILE_NUMBER, EMAIL_ADDRESS, FIRST_NAME, LAST_NAME, TELEPHONE_NUMBER, STATUS, ROW_ID) 
VALUES ('4400328306', '-', NULL, 'CHRISTINE', 'JANSEN', '041217010051', 'UNTERZEICHNET','1-4400328306');

INSERT INTO ITYX_CX_DEV.NEWDB_CUSTOMER (CUSTOMER_ID, MOBILE_NUMBER, EMAIL_ADDRESS, FIRST_NAME, LAST_NAME, TELEPHONE_NUMBER, STATUS, ROW_ID) 
VALUES ('4400806187', '-', NULL, 'MONIKA', 'SIEVI', '0896132952', 'AKTIV','1-4400806187');

INSERT INTO ITYX_CX_DEV.NEWDB_CUSTOMER (CUSTOMER_ID, MOBILE_NUMBER, EMAIL_ADDRESS, FIRST_NAME, LAST_NAME, TELEPHONE_NUMBER, STATUS, ROW_ID) 
VALUES ('4400906090', '-', NULL, 'JOACHIM', 'GUTSCHNER', '03616436751', 'UNTERZEICHNET','1-4400906090');

INSERT INTO ITYX_CX_DEV.NEWDB_CUSTOMER (CUSTOMER_ID, MOBILE_NUMBER, EMAIL_ADDRESS, FIRST_NAME, LAST_NAME, TELEPHONE_NUMBER, STATUS, ROW_ID) 
VALUES ('4407000687', '-', 't@test.de', 'TEST_LAU10', 'TEST_LAU10', '06286843784', 'UNTERZEICHNET','1-4407000687');

INSERT INTO ITYX_CX_DEV.NEWDB_CUSTOMER (CUSTOMER_ID, MOBILE_NUMBER, EMAIL_ADDRESS, FIRST_NAME, LAST_NAME, TELEPHONE_NUMBER, STATUS, ROW_ID) 
VALUES ('4411920357', '-', NULL, 'ANNA', 'HENSE', '06766978046', 'AKTIV','1-4411920357');

INSERT INTO ITYX_CX_DEV.NEWDB_CUSTOMER (CUSTOMER_ID, MOBILE_NUMBER, EMAIL_ADDRESS, FIRST_NAME, LAST_NAME, TELEPHONE_NUMBER, STATUS, ROW_ID) 
VALUES ('4500780384', '-', 'michael.sporrer@t-online.de', 'MICHAELA', 'SPOR', '09971760721', 'INAKTIV','1-4500780384');

INSERT INTO ITYX_CX_DEV.NEWDB_CUSTOMER (CUSTOMER_ID, MOBILE_NUMBER, EMAIL_ADDRESS, FIRST_NAME, LAST_NAME, TELEPHONE_NUMBER, STATUS, ROW_ID) 
VALUES ('4502208214', '-', NULL, 'MARION', 'BÄSLER', '042226309', 'AKTIV','1-4502208214');

INSERT INTO ITYX_CX_DEV.NEWDB_CUSTOMER (CUSTOMER_ID, MOBILE_NUMBER, EMAIL_ADDRESS, FIRST_NAME, LAST_NAME, TELEPHONE_NUMBER, STATUS, ROW_ID) 
VALUES ('4603455404', '-', NULL, 'ANDREAS', 'ZENGER', '089494585', 'AKTIV','1-4603455404');

INSERT INTO ITYX_CX_DEV.NEWDB_CUSTOMER (CUSTOMER_ID, MOBILE_NUMBER, EMAIL_ADDRESS, FIRST_NAME, LAST_NAME, TELEPHONE_NUMBER, STATUS, ROW_ID) 
VALUES ('4607000798', '-', 't@mail.de', 'TEST4', 'TEST4', '0987654543', 'UNTERZEICHNET','1-4607000798');

INSERT INTO ITYX_CX_DEV.NEWDB_CUSTOMER (CUSTOMER_ID, MOBILE_NUMBER, EMAIL_ADDRESS, FIRST_NAME, LAST_NAME, TELEPHONE_NUMBER, STATUS, ROW_ID) 
VALUES ('4612040503', '-', NULL, 'FRANK', 'TRAPPEIN', '01632136592', 'AKTIV','1-4612040503');

INSERT INTO ITYX_CX_DEV.NEWDB_CUSTOMER (CUSTOMER_ID, MOBILE_NUMBER, EMAIL_ADDRESS, FIRST_NAME, LAST_NAME, TELEPHONE_NUMBER, STATUS, ROW_ID) 
VALUES ('4700291040', '-', NULL, 'DANNY GEERT', 'JODTS', '08503923074', 'UNTERZEICHNET','1-4700291040');

INSERT INTO ITYX_CX_DEV.NEWDB_CUSTOMER (CUSTOMER_ID, MOBILE_NUMBER, EMAIL_ADDRESS, FIRST_NAME, LAST_NAME, TELEPHONE_NUMBER, STATUS, ROW_ID) 
VALUES ('4702122839', '-', NULL, 'MANFRED', 'KOX', '021519347254', 'UNTERZEICHNET','1-4702122839');

INSERT INTO ITYX_CX_DEV.NEWDB_CUSTOMER (CUSTOMER_ID, MOBILE_NUMBER, EMAIL_ADDRESS, FIRST_NAME, LAST_NAME, TELEPHONE_NUMBER, STATUS, ROW_ID) 
VALUES ('4709334315', '-', NULL, 'SONJA', 'RODE', '01745199283', 'UNTERZEICHNET','1-4709334315');

INSERT INTO ITYX_CX_DEV.NEWDB_CUSTOMER (CUSTOMER_ID, MOBILE_NUMBER, EMAIL_ADDRESS, FIRST_NAME, LAST_NAME, TELEPHONE_NUMBER, STATUS, ROW_ID) 
VALUES ('4803860754', '-', NULL, 'MARTINA', 'GUHR', '0333741431', 'UNTERZEICHNET','1-4803860754');

INSERT INTO ITYX_CX_DEV.NEWDB_CUSTOMER (CUSTOMER_ID, MOBILE_NUMBER, EMAIL_ADDRESS, FIRST_NAME, LAST_NAME, TELEPHONE_NUMBER, STATUS, ROW_ID) 
VALUES ('4807000657', '-', 'test@test.de', 'TEST', 'IVR12', '0234567890', 'UNTERZEICHNET','1-4807000657');

INSERT INTO ITYX_CX_DEV.NEWDB_CUSTOMER (CUSTOMER_ID, MOBILE_NUMBER, EMAIL_ADDRESS, FIRST_NAME, LAST_NAME, TELEPHONE_NUMBER, STATUS, ROW_ID) 
VALUES ('4907000663', '-', 'test@test.de', 'TEST', 'IVR15', '02328328', 'UNTERZEICHNET','1-4907000663');

INSERT INTO ITYX_CX_DEV.NEWDB_CUSTOMER (CUSTOMER_ID, MOBILE_NUMBER, EMAIL_ADDRESS, FIRST_NAME, LAST_NAME, TELEPHONE_NUMBER, STATUS, ROW_ID) 
VALUES ('4907000856', '-', 'test@test.de', 'NOME_TEST7', 'COGNOME_BILLING7', '031246134623', 'AKTIV','1-4907000856');

INSERT INTO ITYX_CX_DEV.NEWDB_CUSTOMER (CUSTOMER_ID, MOBILE_NUMBER, EMAIL_ADDRESS, FIRST_NAME, LAST_NAME, TELEPHONE_NUMBER, STATUS, ROW_ID) 
VALUES ('4907000950', '-', 'test@test.de', 'TEST', 'SUR0807', '023456789', 'UNTERZEICHNET','1-4907000950');

INSERT INTO ITYX_CX_DEV.NEWDB_CUSTOMER (CUSTOMER_ID, MOBILE_NUMBER, EMAIL_ADDRESS, FIRST_NAME, LAST_NAME, TELEPHONE_NUMBER, STATUS, ROW_ID) 
VALUES ('4911891547', '-', 'rainerunddiana@t-online.de', 'RAINER', 'WENDEL', '06558900883', 'AKTIV','1-4911891547');

INSERT INTO ITYX_CX_DEV.NEWDB_CUSTOMER (CUSTOMER_ID, MOBILE_NUMBER, EMAIL_ADDRESS, FIRST_NAME, LAST_NAME, TELEPHONE_NUMBER, STATUS, ROW_ID) 
VALUES ('5007000803', '-', 't@te.se', 'TEST_BM3', 'TEST_BM3', '02684723423', 'UNTERZEICHNET','1-5007000803');

INSERT INTO ITYX_CX_DEV.NEWDB_CUSTOMER (CUSTOMER_ID, MOBILE_NUMBER, EMAIL_ADDRESS, FIRST_NAME, LAST_NAME, TELEPHONE_NUMBER, STATUS, ROW_ID) 
VALUES ('5102224239', '-', NULL, 'HANNELORE', 'FUSS', '0405292673', 'AKTIV','1-5102224239');

INSERT INTO ITYX_CX_DEV.NEWDB_CUSTOMER (CUSTOMER_ID, MOBILE_NUMBER, EMAIL_ADDRESS, FIRST_NAME, LAST_NAME, TELEPHONE_NUMBER, STATUS, ROW_ID) 
VALUES ('5103270791', '-', 'guido.ter.hell@web.de', 'GUIDO', 'TER HELL', '0422167870', 'UNTERZEICHNET','1-5103270791');

INSERT INTO ITYX_CX_DEV.NEWDB_CUSTOMER (CUSTOMER_ID, MOBILE_NUMBER, EMAIL_ADDRESS, FIRST_NAME, LAST_NAME, TELEPHONE_NUMBER, STATUS, ROW_ID) 
VALUES ('5111955055', '-', NULL, 'STEFANIE', 'GRAHAM', '09544984320', 'UNTERZEICHNET','1-5111955055');

INSERT INTO ITYX_CX_DEV.NEWDB_CUSTOMER (CUSTOMER_ID, MOBILE_NUMBER, EMAIL_ADDRESS, FIRST_NAME, LAST_NAME, TELEPHONE_NUMBER, STATUS, ROW_ID) 
VALUES ('5201157940', '-', NULL, 'RUDOLF', 'SCHÄFFER', '063237152', 'AKTIV','1-5201157940');

INSERT INTO ITYX_CX_DEV.NEWDB_CUSTOMER (CUSTOMER_ID, MOBILE_NUMBER, EMAIL_ADDRESS, FIRST_NAME, LAST_NAME, TELEPHONE_NUMBER, STATUS, ROW_ID) 
VALUES ('5207000686', '-', 'io@io.it', 'GIORGIO', 'XANDREA', '03948576', 'UNTERZEICHNET','1-5207000686');

INSERT INTO ITYX_CX_DEV.NEWDB_CUSTOMER (CUSTOMER_ID, MOBILE_NUMBER, EMAIL_ADDRESS, FIRST_NAME, LAST_NAME, TELEPHONE_NUMBER, STATUS, ROW_ID) 
VALUES ('5300360907', '-', NULL, 'FRANK', 'RÖLKE', '055724407', 'AKTIV','1-5300360907');

INSERT INTO ITYX_CX_DEV.NEWDB_CUSTOMER (CUSTOMER_ID, MOBILE_NUMBER, EMAIL_ADDRESS, FIRST_NAME, LAST_NAME, TELEPHONE_NUMBER, STATUS, ROW_ID) 
VALUES ('5400922085', '-', 'lothar-steffenhagen@online.de', 'LOTHAR', 'STEFFENHAGEN', '015204821358', 'BEENDET','1-5400922085');

INSERT INTO ITYX_CX_DEV.NEWDB_CUSTOMER (CUSTOMER_ID, MOBILE_NUMBER, EMAIL_ADDRESS, FIRST_NAME, LAST_NAME, TELEPHONE_NUMBER, STATUS, ROW_ID) 
VALUES ('5640000644', '-', 'asdft@ji.com', 'TES243', 'TES243', '0495676543', 'BEENDET','1-5640000644');

INSERT INTO ITYX_CX_DEV.NEWDB_CUSTOMER (CUSTOMER_ID, MOBILE_NUMBER, EMAIL_ADDRESS, FIRST_NAME, LAST_NAME, TELEPHONE_NUMBER, STATUS, ROW_ID) 
VALUES ('5805642098', '-', NULL, 'RUDOLF', 'SEIFERT', '074578964', 'UNTERZEICHNET','1-5805642098');

INSERT INTO ITYX_CX_DEV.NEWDB_CUSTOMER (CUSTOMER_ID, MOBILE_NUMBER, EMAIL_ADDRESS, FIRST_NAME, LAST_NAME, TELEPHONE_NUMBER, STATUS, ROW_ID) 
VALUES ('5807000767', '-', 'TE@TE.DE', 'TEST', 'LOG MAN KDG-14', '03456789', 'UNTERZEICHNET','1-5807000767');

INSERT INTO ITYX_CX_DEV.NEWDB_CUSTOMER (CUSTOMER_ID, MOBILE_NUMBER, EMAIL_ADDRESS, FIRST_NAME, LAST_NAME, TELEPHONE_NUMBER, STATUS, ROW_ID) 
VALUES ('5811903677', '-', NULL, 'ANTON', 'SCHMID', '015110062576', 'AKTIV','1-5811903677');

INSERT INTO ITYX_CX_DEV.NEWDB_CUSTOMER (CUSTOMER_ID, MOBILE_NUMBER, EMAIL_ADDRESS, FIRST_NAME, LAST_NAME, TELEPHONE_NUMBER, STATUS, ROW_ID) 
VALUES ('5811970246', '-', NULL, 'CHRISTIAN ALEXANDER', 'LOIDL', '06643982949', 'AKTIV','1-5811970246');

INSERT INTO ITYX_CX_DEV.NEWDB_CUSTOMER (CUSTOMER_ID, MOBILE_NUMBER, EMAIL_ADDRESS, FIRST_NAME, LAST_NAME, TELEPHONE_NUMBER, STATUS, ROW_ID) 
VALUES ('5903474205', '-', NULL, 'DIRK', 'HEUTZENRÖDER', '060352087971', 'AKTIV','1-5903474205');

INSERT INTO ITYX_CX_DEV.NEWDB_CUSTOMER (CUSTOMER_ID, MOBILE_NUMBER, EMAIL_ADDRESS, FIRST_NAME, LAST_NAME, TELEPHONE_NUMBER, STATUS, ROW_ID) 
VALUES ('5907000966', '-', NULL, 'ASDAD', 'ASDADA', '-', 'UNTERZEICHNET','1-5907000966');

INSERT INTO ITYX_CX_DEV.NEWDB_CUSTOMER (CUSTOMER_ID, MOBILE_NUMBER, EMAIL_ADDRESS, FIRST_NAME, LAST_NAME, TELEPHONE_NUMBER, STATUS, ROW_ID) 
VALUES ('6003764695', '-', NULL, 'OTMAR', 'RAU', '0620671911', 'UNTERZEICHNET','1-6003764695');

INSERT INTO ITYX_CX_DEV.NEWDB_CUSTOMER (CUSTOMER_ID, MOBILE_NUMBER, EMAIL_ADDRESS, FIRST_NAME, LAST_NAME, TELEPHONE_NUMBER, STATUS, ROW_ID) 
VALUES ('6005021562', '-', 'mittaggmbh@aol.com', 'WOLFGANG', 'MITTAG', '0202521890', 'UNTERZEICHNET','1-6005021562');

INSERT INTO ITYX_CX_DEV.NEWDB_CUSTOMER (CUSTOMER_ID, MOBILE_NUMBER, EMAIL_ADDRESS, FIRST_NAME, LAST_NAME, TELEPHONE_NUMBER, STATUS, ROW_ID) 
VALUES ('6100424268', '-', NULL, 'GÜNTER', 'ESCHENLAUER', '08241962463', 'UNTERZEICHNET','1-6100424268');

INSERT INTO ITYX_CX_DEV.NEWDB_CUSTOMER (CUSTOMER_ID, MOBILE_NUMBER, EMAIL_ADDRESS, FIRST_NAME, LAST_NAME, TELEPHONE_NUMBER, STATUS, ROW_ID) 
VALUES ('6103407361', '-', NULL, 'KLAUS', 'THIERBACH', '08084259188', 'UNTERZEICHNET','1-6103407361');

INSERT INTO ITYX_CX_DEV.NEWDB_CUSTOMER (CUSTOMER_ID, MOBILE_NUMBER, EMAIL_ADDRESS, FIRST_NAME, LAST_NAME, TELEPHONE_NUMBER, STATUS, ROW_ID) 
VALUES ('6104249019', '-', NULL, 'GERHARD', 'PERNICA', '0724273491', 'UNTERZEICHNET','1-6104249019');

INSERT INTO ITYX_CX_DEV.NEWDB_CUSTOMER (CUSTOMER_ID, MOBILE_NUMBER, EMAIL_ADDRESS, FIRST_NAME, LAST_NAME, TELEPHONE_NUMBER, STATUS, ROW_ID) 
VALUES ('6107000691', '-', 'io@io.it', 'GIORGIO', 'FRA', '0987654567', 'UNTERZEICHNET','1-6107000691');

INSERT INTO ITYX_CX_DEV.NEWDB_CUSTOMER (CUSTOMER_ID, MOBILE_NUMBER, EMAIL_ADDRESS, FIRST_NAME, LAST_NAME, TELEPHONE_NUMBER, STATUS, ROW_ID) 
VALUES ('6304279297', '-', 'wh.3010@yahoo.de', 'WOLFRAM', 'HALBBAUER', '0366141529', 'UNTERZEICHNET','1-6304279297');

INSERT INTO ITYX_CX_DEV.NEWDB_CUSTOMER (CUSTOMER_ID, MOBILE_NUMBER, EMAIL_ADDRESS, FIRST_NAME, LAST_NAME, TELEPHONE_NUMBER, STATUS, ROW_ID) 
VALUES ('6307000743', '-', 't@test.de', 'TEST_LAU78', 'TEST_LAU78', '0264827382', 'UNTERZEICHNET','1-6307000743');

INSERT INTO ITYX_CX_DEV.NEWDB_CUSTOMER (CUSTOMER_ID, MOBILE_NUMBER, EMAIL_ADDRESS, FIRST_NAME, LAST_NAME, TELEPHONE_NUMBER, STATUS, ROW_ID) 
VALUES ('6312081135', '-', NULL, 'CHRISTEL', 'LEHMEIER', '00', 'AKTIV','1-6312081135');

INSERT INTO ITYX_CX_DEV.NEWDB_CUSTOMER (CUSTOMER_ID, MOBILE_NUMBER, EMAIL_ADDRESS, FIRST_NAME, LAST_NAME, TELEPHONE_NUMBER, STATUS, ROW_ID) 
VALUES ('6403760849', '-', NULL, 'PETRA', 'GEUER', '05205237248', 'BEENDET','1-6403760849');

INSERT INTO ITYX_CX_DEV.NEWDB_CUSTOMER (CUSTOMER_ID, MOBILE_NUMBER, EMAIL_ADDRESS, FIRST_NAME, LAST_NAME, TELEPHONE_NUMBER, STATUS, ROW_ID) 
VALUES ('6407000655', '-', 'test@test.de', 'TEST', 'IVR11', '02328328', 'BEENDET','1-6407000655');

INSERT INTO ITYX_CX_DEV.NEWDB_CUSTOMER (CUSTOMER_ID, MOBILE_NUMBER, EMAIL_ADDRESS, FIRST_NAME, LAST_NAME, TELEPHONE_NUMBER, STATUS, ROW_ID) 
VALUES ('6811948840', '-', NULL, 'JENNY', 'JÜTTNER', '07935216781', 'AKTIV','1-6811948840');

INSERT INTO ITYX_CX_DEV.NEWDB_CUSTOMER (CUSTOMER_ID, MOBILE_NUMBER, EMAIL_ADDRESS, FIRST_NAME, LAST_NAME, TELEPHONE_NUMBER, STATUS, ROW_ID) 
VALUES ('6840000613', '-', 'kj@hmail.com', 'FASD', 'ASFDS', '0987654', 'BEENDET','1-6840000613');

INSERT INTO ITYX_CX_DEV.NEWDB_CUSTOMER (CUSTOMER_ID, MOBILE_NUMBER, EMAIL_ADDRESS, FIRST_NAME, LAST_NAME, TELEPHONE_NUMBER, STATUS, ROW_ID) 
VALUES ('6907000690', '-', 't@tets.de', 'TEST_E', 'TEST_E2', '083794732947', 'UNTERZEICHNET','1-6907000690');

INSERT INTO ITYX_CX_DEV.NEWDB_CUSTOMER (CUSTOMER_ID, MOBILE_NUMBER, EMAIL_ADDRESS, FIRST_NAME, LAST_NAME, TELEPHONE_NUMBER, STATUS, ROW_ID) 
VALUES ('6911969907', '-', NULL, 'ERIKA', 'GRABO', '0203586636', 'AKTIV','1-6911969907');

INSERT INTO ITYX_CX_DEV.NEWDB_CUSTOMER (CUSTOMER_ID, MOBILE_NUMBER, EMAIL_ADDRESS, FIRST_NAME, LAST_NAME, TELEPHONE_NUMBER, STATUS, ROW_ID) 
VALUES ('6940000584', '-', NULL, 'GIORGIO', 'TEST', '09876545678', 'GESPERRT','1-6940000584');


--------------------------------------------------------
--  Data for table NEWDB_CONTRACT
--------------------------------------------------------

INSERT INTO ITYX_CX_DEV.NEWDB_CONTRACT (CUSTOMER_ID, HOUSE_NUMBER, CONTRACT_ID, STREET, ZIPCODE, CITY, ACCOUNT_NUMBER, BANK_CODE, BANK_ACCOUNT_HOLDER, STATUS, COUNTRY) 
VALUES ('2107000790', '12', '11005067', 'LEOPOLDPLATZ', '13353', 'BERLIN', '0000002345', '10070000', 'STAMPA3 GIORGIO', 'WARTE AUF SERIENNUMMER','DEUTSCHLAND');

INSERT INTO ITYX_CX_DEV.NEWDB_CONTRACT (CUSTOMER_ID, HOUSE_NUMBER, CONTRACT_ID, STREET, ZIPCODE, CITY, ACCOUNT_NUMBER, BANK_CODE, BANK_ACCOUNT_HOLDER, STATUS, COUNTRY) 
VALUES ('1307000791', '1', '11005068', 'LEOPOLDPLATZ', '13353', 'BERLIN', '0000002345', '10070000', 'STAMPA3 GIORGIO', 'WARTE AUF SERIENNUMMER','DEUTSCHLAND');

INSERT INTO ITYX_CX_DEV.NEWDB_CONTRACT (CUSTOMER_ID, HOUSE_NUMBER, CONTRACT_ID, STREET, ZIPCODE, CITY, ACCOUNT_NUMBER, BANK_CODE, BANK_ACCOUNT_HOLDER, STATUS, COUNTRY) 
VALUES ('4607000798', '2132', '11005075', 'SAL', '02894', 'VIERKIRCHEN', '0000002345', '27070024', 'TEST4 TEST4', 'UNTERSCHRIEBEN','DEUTSCHLAND');

INSERT INTO ITYX_CX_DEV.NEWDB_CONTRACT (CUSTOMER_ID, HOUSE_NUMBER, CONTRACT_ID, STREET, ZIPCODE, CITY, ACCOUNT_NUMBER, BANK_CODE, BANK_ACCOUNT_HOLDER, STATUS, COUNTRY) 
VALUES ('6100424268', '1', '16871132', 'HOLZMÄHDERWEG', '86860', 'JENGEN', '', '', 'ESCHENLAUER GÜNTER', 'VOLLSTÄNDIG','DEUTSCHLAND');

INSERT INTO ITYX_CX_DEV.NEWDB_CONTRACT (CUSTOMER_ID, HOUSE_NUMBER, CONTRACT_ID, STREET, ZIPCODE, CITY, ACCOUNT_NUMBER, BANK_CODE, BANK_ACCOUNT_HOLDER, STATUS, COUNTRY) 
VALUES ('1107000779', '1', '11005056', 'STRASSE 1', '13059', 'BERLIN', '0000003256', '12070000', 'BILLING UBICATIONAS', 'UNTERSCHRIEBEN','DEUTSCHLAND');

INSERT INTO ITYX_CX_DEV.NEWDB_CONTRACT (CUSTOMER_ID, HOUSE_NUMBER, CONTRACT_ID, STREET, ZIPCODE, CITY, ACCOUNT_NUMBER, BANK_CODE, BANK_ACCOUNT_HOLDER, STATUS, COUNTRY) 
VALUES ('5007000803', '23', '11005080', 'GIETLSTR.', '81541', 'MÜNCHEN', '0000002345', '10070000', 'TEST_BM3 TEST_BM3', 'WARTE AUF SERIENNUMMER','DEUTSCHLAND');

INSERT INTO ITYX_CX_DEV.NEWDB_CONTRACT (CUSTOMER_ID, HOUSE_NUMBER, CONTRACT_ID, STREET, ZIPCODE, CITY, ACCOUNT_NUMBER, BANK_CODE, BANK_ACCOUNT_HOLDER, STATUS, COUNTRY) 
VALUES ('3807000834', '115', '11005104', 'EINSTEINSTR.', '81675', 'MÜNCHEN', '0000002345', '10070000', 'LISTINO GIORGIO', 'UNTERSCHRIEBEN','DEUTSCHLAND');

INSERT INTO ITYX_CX_DEV.NEWDB_CONTRACT (CUSTOMER_ID, HOUSE_NUMBER, CONTRACT_ID, STREET, ZIPCODE, CITY, ACCOUNT_NUMBER, BANK_CODE, BANK_ACCOUNT_HOLDER, STATUS, COUNTRY) 
VALUES ('2300683413', '11', '12141814', 'SCHARFHAUSEN', '42659', 'SOLINGEN', '', '', 'BECKER MAGDALENE', 'VOLLSTÄNDIG','DEUTSCHLAND');

INSERT INTO ITYX_CX_DEV.NEWDB_CONTRACT (CUSTOMER_ID, HOUSE_NUMBER, CONTRACT_ID, STREET, ZIPCODE, CITY, ACCOUNT_NUMBER, BANK_CODE, BANK_ACCOUNT_HOLDER, STATUS, COUNTRY) 
VALUES ('1807000807', '44', '11005084', 'SALBEIWEG', '12357', 'BERLIN', '1234567890', '10010222', 'LIFE CICCIO', 'WARTE AUF SERIENNUMMER','DEUTSCHLAND');

INSERT INTO ITYX_CX_DEV.NEWDB_CONTRACT (CUSTOMER_ID, HOUSE_NUMBER, CONTRACT_ID, STREET, ZIPCODE, CITY, ACCOUNT_NUMBER, BANK_CODE, BANK_ACCOUNT_HOLDER, STATUS, COUNTRY) 
VALUES ('5903474205', '55', '1461601', 'FRIEDHOFSWEG', '61197', 'FLORSTADT', '', '', 'HEUTZENRÖDER DIRK', 'AKTIV','DEUTSCHLAND');

INSERT INTO ITYX_CX_DEV.NEWDB_CONTRACT (CUSTOMER_ID, HOUSE_NUMBER, CONTRACT_ID, STREET, ZIPCODE, CITY, ACCOUNT_NUMBER, BANK_CODE, BANK_ACCOUNT_HOLDER, STATUS, COUNTRY) 
VALUES ('4300376008', '12', '227993', 'BANANENWEG', '13129', 'BERLIN', '', '', 'SELL MICHAEL', 'WARTE AUF SERIENNUMMER','DEUTSCHLAND');

INSERT INTO ITYX_CX_DEV.NEWDB_CONTRACT (CUSTOMER_ID, HOUSE_NUMBER, CONTRACT_ID, STREET, ZIPCODE, CITY, ACCOUNT_NUMBER, BANK_CODE, BANK_ACCOUNT_HOLDER, STATUS, COUNTRY) 
VALUES ('1500571250', '1', '11479576', 'HAFERFELD', '57562', 'HERDORF', '', '', 'KLAPDOR ARMIN', 'AKTIV','DEUTSCHLAND');

INSERT INTO ITYX_CX_DEV.NEWDB_CONTRACT (CUSTOMER_ID, HOUSE_NUMBER, CONTRACT_ID, STREET, ZIPCODE, CITY, ACCOUNT_NUMBER, BANK_CODE, BANK_ACCOUNT_HOLDER, STATUS, COUNTRY) 
VALUES ('2809388171', '300', '11674310', 'BLABLABLÖ', '456321', 'POTSDAM', '000000001048406', '16062073', 'PFENNIG NICO', 'AKTIV','DEUTSCHLAND');

INSERT INTO ITYX_CX_DEV.NEWDB_CONTRACT (CUSTOMER_ID, HOUSE_NUMBER, CONTRACT_ID, STREET, ZIPCODE, CITY, ACCOUNT_NUMBER, BANK_CODE, BANK_ACCOUNT_HOLDER, STATUS, COUNTRY) 
VALUES ('4907000856', '1', '11005131', 'ANEMONENWEG', '4020', 'LINZ', '0003604500', '52000', 'COGNOME_BILLING7 NOME_TEST7', 'AKTIV','DEUTSCHLAND');

INSERT INTO ITYX_CX_DEV.NEWDB_CONTRACT (CUSTOMER_ID, HOUSE_NUMBER, CONTRACT_ID, STREET, ZIPCODE, CITY, ACCOUNT_NUMBER, BANK_CODE, BANK_ACCOUNT_HOLDER, STATUS, COUNTRY) 
VALUES ('6304279297', '7', '1996108', 'BÄUMDESTR.', '07973', 'GREIZ', '000005080351005', '87095824', 'HALBBAUER WOLFRAM', 'VOLLSTÄNDIG','DEUTSCHLAND');

INSERT INTO ITYX_CX_DEV.NEWDB_CONTRACT (CUSTOMER_ID, HOUSE_NUMBER, CONTRACT_ID, STREET, ZIPCODE, CITY, ACCOUNT_NUMBER, BANK_CODE, BANK_ACCOUNT_HOLDER, STATUS, COUNTRY) 
VALUES ('6003764695', '11a', '1661997', 'BEFREIUNGSTR.', '68642', 'BÜRSTADT', '', '', 'RAU OTMAR', 'VOLLSTÄNDIG','DEUTSCHLAND');

INSERT INTO ITYX_CX_DEV.NEWDB_CONTRACT (CUSTOMER_ID, HOUSE_NUMBER, CONTRACT_ID, STREET, ZIPCODE, CITY, ACCOUNT_NUMBER, BANK_CODE, BANK_ACCOUNT_HOLDER, STATUS, COUNTRY) 
VALUES ('1804276860', '6', '1994125', 'QUERGASSE', '09337', 'BERNSDORF', '000004607008678', '87050000', 'BERGER MANFRED', 'AKTIV','DEUTSCHLAND');

INSERT INTO ITYX_CX_DEV.NEWDB_CONTRACT (CUSTOMER_ID, HOUSE_NUMBER, CONTRACT_ID, STREET, ZIPCODE, CITY, ACCOUNT_NUMBER, BANK_CODE, BANK_ACCOUNT_HOLDER, STATUS, COUNTRY) 
VALUES ('1407000896', '2', '11005174', 'GOETHEPLATZ', '80337', 'MÜNCHEN', '0000002345', '10070000', 'TEST_FABBIO TEST_FABBIO', 'WARTE AUF SERIENNUMMER','DEUTSCHLAND');

INSERT INTO ITYX_CX_DEV.NEWDB_CONTRACT (CUSTOMER_ID, HOUSE_NUMBER, CONTRACT_ID, STREET, ZIPCODE, CITY, ACCOUNT_NUMBER, BANK_CODE, BANK_ACCOUNT_HOLDER, STATUS, COUNTRY) 
VALUES ('4803860754', '3', '5431179', 'ZUM FLIEß', '16348', 'SOPHIENSTÄDT', '000003645337009', '10090000', 'GUHR MARTINA', 'VOLLSTÄNDIG','DEUTSCHLAND');

INSERT INTO ITYX_CX_DEV.NEWDB_CONTRACT (CUSTOMER_ID, HOUSE_NUMBER, CONTRACT_ID, STREET, ZIPCODE, CITY, ACCOUNT_NUMBER, BANK_CODE, BANK_ACCOUNT_HOLDER, STATUS, COUNTRY) 
VALUES ('4709334315', '20', '11507251', 'ROSTOCKER STR.', '42109', 'WUPPERTAL', '000000001166677', '33050000', 'RODE SONJA', 'VOLLSTÄNDIG','DEUTSCHLAND');

INSERT INTO ITYX_CX_DEV.NEWDB_CONTRACT (CUSTOMER_ID, HOUSE_NUMBER, CONTRACT_ID, STREET, ZIPCODE, CITY, ACCOUNT_NUMBER, BANK_CODE, BANK_ACCOUNT_HOLDER, STATUS, COUNTRY) 
VALUES ('1404913109', '14', '2518484', 'HELENE-WEIGEL-PLATZ', '12681', 'BERLIN', '00000214448266', '1005', 'ZEITZMANN WOLFGANG', 'VOLLSTÄNDIG','DEUTSCHLAND');

INSERT INTO ITYX_CX_DEV.NEWDB_CONTRACT (CUSTOMER_ID, HOUSE_NUMBER, CONTRACT_ID, STREET, ZIPCODE, CITY, ACCOUNT_NUMBER, BANK_CODE, BANK_ACCOUNT_HOLDER, STATUS, COUNTRY) 
VALUES ('1203634913', '56', '1572673', 'SCHLOßSTR.', '90478', 'NÜRNBERG', '000000001535463', '760905', 'MEIER JÜRGEN', 'VOLLSTÄNDIG','DEUTSCHLAND');

INSERT INTO ITYX_CX_DEV.NEWDB_CONTRACT (CUSTOMER_ID, HOUSE_NUMBER, CONTRACT_ID, STREET, ZIPCODE, CITY, ACCOUNT_NUMBER, BANK_CODE, BANK_ACCOUNT_HOLDER, STATUS, COUNTRY) 
VALUES ('4106446060', '14', '5846321', 'ALTE HAUPTSTR.', '63599', 'BIEBERGEMÜND', '000001140013404', '8405505', 'ROCKENBUCH RALF', 'VOLLSTÄNDIG','DEUTSCHLAND');

INSERT INTO ITYX_CX_DEV.NEWDB_CONTRACT (CUSTOMER_ID, HOUSE_NUMBER, CONTRACT_ID, STREET, ZIPCODE, CITY, ACCOUNT_NUMBER, BANK_CODE, BANK_ACCOUNT_HOLDER, STATUS, COUNTRY) 
VALUES ('6104249019', '12', '12033610', 'HOLZFELDSTR.', '4600', 'WELS', '0000820231647', '00012', 'PERNICA GERHARD', 'VOLLSTÄNDIG','DEUTSCHLAND');

INSERT INTO ITYX_CX_DEV.NEWDB_CONTRACT (CUSTOMER_ID, HOUSE_NUMBER, CONTRACT_ID, STREET, ZIPCODE, CITY, ACCOUNT_NUMBER, BANK_CODE, BANK_ACCOUNT_HOLDER, STATUS, COUNTRY) 
VALUES ('5805642098', '10', '3052621', 'WENGERTSTEIG', '71149', 'BONDORF', '000000003664007', '6039131', 'SEIFERT RUDOLF', 'VOLLSTÄNDIG','DEUTSCHLAND');

INSERT INTO ITYX_CX_DEV.NEWDB_CONTRACT (CUSTOMER_ID, HOUSE_NUMBER, CONTRACT_ID, STREET, ZIPCODE, CITY, ACCOUNT_NUMBER, BANK_CODE, BANK_ACCOUNT_HOLDER, STATUS, COUNTRY) 
VALUES ('4306053980', '3', '3497778', 'WESTFALENSTR.', '44651', 'HERNE', '000000164004467', '4325003', 'HENSEL RALF', 'VOLLSTÄNDIG','DEUTSCHLAND');

INSERT INTO ITYX_CX_DEV.NEWDB_CONTRACT (CUSTOMER_ID, HOUSE_NUMBER, CONTRACT_ID, STREET, ZIPCODE, CITY, ACCOUNT_NUMBER, BANK_CODE, BANK_ACCOUNT_HOLDER, STATUS, COUNTRY) 
VALUES ('2205060814', '22', '2631869', 'BERGSTR.', '04643', 'FRANKENHAIN', '000000002435373', '86065448', 'RICHTER KARSTEN', 'VOLLSTÄNDIG','DEUTSCHLAND');

INSERT INTO ITYX_CX_DEV.NEWDB_CONTRACT (CUSTOMER_ID, HOUSE_NUMBER, CONTRACT_ID, STREET, ZIPCODE, CITY, ACCOUNT_NUMBER, BANK_CODE, BANK_ACCOUNT_HOLDER, STATUS, COUNTRY) 
VALUES ('4204641967', '18a', '2292870', 'KLEINREINSDORF', '07989', 'KLEINREINSDORF', '000002370004854', '87055', 'WELLNER HANS-JÜRGEN', 'VOLLSTÄNDIG','DEUTSCHLAND');

INSERT INTO ITYX_CX_DEV.NEWDB_CONTRACT (CUSTOMER_ID, HOUSE_NUMBER, CONTRACT_ID, STREET, ZIPCODE, CITY, ACCOUNT_NUMBER, BANK_CODE, BANK_ACCOUNT_HOLDER, STATUS, COUNTRY) 
VALUES ('6005021562', '48 C', '5799576', 'OCHSENKAMP', '45549', 'SPROCKHÖVEL', '000000002363117', '33040001', 'MITTAG WOLFGANG', 'VOLLSTÄNDIG','DEUTSCHLAND');

INSERT INTO ITYX_CX_DEV.NEWDB_CONTRACT (CUSTOMER_ID, HOUSE_NUMBER, CONTRACT_ID, STREET, ZIPCODE, CITY, ACCOUNT_NUMBER, BANK_CODE, BANK_ACCOUNT_HOLDER, STATUS, COUNTRY) 
VALUES ('4400806187', '144', '510337', 'RINGSTR.', '82041', 'OBERHACHING', '000000653752504', '7002027', 'SIEVI MONIKA', 'VOLLSTÄNDIG','DEUTSCHLAND');

INSERT INTO ITYX_CX_DEV.NEWDB_CONTRACT (CUSTOMER_ID, HOUSE_NUMBER, CONTRACT_ID, STREET, ZIPCODE, CITY, ACCOUNT_NUMBER, BANK_CODE, BANK_ACCOUNT_HOLDER, STATUS, COUNTRY) 
VALUES ('1305928478', '18', '16820995', 'BRÜGGERFELDWEG', '47802', 'KREFELD', '000001223022235', '3545', 'ROMANOWSKI MICHAEL', 'VOLLSTÄNDIG','DEUTSCHLAND');

INSERT INTO ITYX_CX_DEV.NEWDB_CONTRACT (CUSTOMER_ID, HOUSE_NUMBER, CONTRACT_ID, STREET, ZIPCODE, CITY, ACCOUNT_NUMBER, BANK_CODE, BANK_ACCOUNT_HOLDER, STATUS, COUNTRY) 
VALUES ('5201157940', '26', '758679', 'FRIEDRICH-ANDRAE-STR.', '67480', 'EDENKOBEN', '000000100011568', '5485001', 'SCHÄFFER RUDOLF', 'VOLLSTÄNDIG','DEUTSCHLAND');

INSERT INTO ITYX_CX_DEV.NEWDB_CONTRACT (CUSTOMER_ID, HOUSE_NUMBER, CONTRACT_ID, STREET, ZIPCODE, CITY, ACCOUNT_NUMBER, BANK_CODE, BANK_ACCOUNT_HOLDER, STATUS, COUNTRY) 
VALUES ('5300360907', '2', '221340', 'FALKENBERGER STR.', '37194', 'BODENFELDE', '00000008338', '26261693', 'RÖLKE FRANK', 'VOLLSTÄNDIG','DEUTSCHLAND');

INSERT INTO ITYX_CX_DEV.NEWDB_CONTRACT (CUSTOMER_ID, HOUSE_NUMBER, CONTRACT_ID, STREET, ZIPCODE, CITY, ACCOUNT_NUMBER, BANK_CODE, BANK_ACCOUNT_HOLDER, STATUS, COUNTRY) 
VALUES ('5102224239', '256', '1013067', 'POPPENBÜTTELER STR.', '22851', 'NORDERSTEDT', '000000246815208', '2001002', 'FUSS HANNELORE', 'VOLLSTÄNDIG','DEUTSCHLAND');

INSERT INTO ITYX_CX_DEV.NEWDB_CONTRACT (CUSTOMER_ID, HOUSE_NUMBER, CONTRACT_ID, STREET, ZIPCODE, CITY, ACCOUNT_NUMBER, BANK_CODE, BANK_ACCOUNT_HOLDER, STATUS, COUNTRY) 
VALUES ('2903173340', '11', '1253765', 'AMPFINGER STR.', '84562', 'METTENHEIM', '000000000255602', '700905', 'MICHLBAUER BRUNO', 'VOLLSTÄNDIG','DEUTSCHLAND');

INSERT INTO ITYX_CX_DEV.NEWDB_CONTRACT (CUSTOMER_ID, HOUSE_NUMBER, CONTRACT_ID, STREET, ZIPCODE, CITY, ACCOUNT_NUMBER, BANK_CODE, BANK_ACCOUNT_HOLDER, STATUS, COUNTRY) 
VALUES ('4907000950', '12', '11005240', 'STRASS', '5261', 'WIENERN', '0000000019', '52000', 'SUR0807 TEST', 'WARTE AUF SERIENNUMMER','DEUTSCHLAND');

INSERT INTO ITYX_CX_DEV.NEWDB_CONTRACT (CUSTOMER_ID, HOUSE_NUMBER, CONTRACT_ID, STREET, ZIPCODE, CITY, ACCOUNT_NUMBER, BANK_CODE, BANK_ACCOUNT_HOLDER, STATUS, COUNTRY) 
VALUES ('5907000966', '45', '11005256', 'KREUZSTR.', '80331', 'MÜNCHEN', '', '', 'ASDADA ASDAD', 'UNVOLLSTÄNDIG','DEUTSCHLAND');

INSERT INTO ITYX_CX_DEV.NEWDB_CONTRACT (CUSTOMER_ID, HOUSE_NUMBER, CONTRACT_ID, STREET, ZIPCODE, CITY, ACCOUNT_NUMBER, BANK_CODE, BANK_ACCOUNT_HOLDER, STATUS, COUNTRY) 
VALUES ('3507000969', '1', '11005259', 'KÖNIGSTR.', '50676', 'KÖLN', '0000002345', '12070000', 'CRM_20 TEST', 'UNVOLLSTÄNDIG','DEUTSCHLAND');

INSERT INTO ITYX_CX_DEV.NEWDB_CONTRACT (CUSTOMER_ID, HOUSE_NUMBER, CONTRACT_ID, STREET, ZIPCODE, CITY, ACCOUNT_NUMBER, BANK_CODE, BANK_ACCOUNT_HOLDER, STATUS, COUNTRY) 
VALUES ('4107000951', '12', '11005241', 'FUCHSWEG', '85598', 'BALDHAM', '0000002345', '12070000', 'CRM_14 TEST', 'UNTERSCHRIEBEN','DEUTSCHLAND');

INSERT INTO ITYX_CX_DEV.NEWDB_CONTRACT (CUSTOMER_ID, HOUSE_NUMBER, CONTRACT_ID, STREET, ZIPCODE, CITY, ACCOUNT_NUMBER, BANK_CODE, BANK_ACCOUNT_HOLDER, STATUS, COUNTRY) 
VALUES ('4603455404', '665', '5506440', 'LEOPOLDSTR.', '80807', 'MÜNCHEN', '000000005325709', '7007001', 'ZENGER ANDREAS', 'VOLLSTÄNDIG','DEUTSCHLAND');

INSERT INTO ITYX_CX_DEV.NEWDB_CONTRACT (CUSTOMER_ID, HOUSE_NUMBER, CONTRACT_ID, STREET, ZIPCODE, CITY, ACCOUNT_NUMBER, BANK_CODE, BANK_ACCOUNT_HOLDER, STATUS, COUNTRY) 
VALUES ('6811948840', '9', '17039906', 'OBERSTETTENER STR.', '74575', 'SCHROZBERG', '70799008', '60069595', 'JÜTTNER JENNY', 'AKTIV','DEUTSCHLAND');

INSERT INTO ITYX_CX_DEV.NEWDB_CONTRACT (CUSTOMER_ID, HOUSE_NUMBER, CONTRACT_ID, STREET, ZIPCODE, CITY, ACCOUNT_NUMBER, BANK_CODE, BANK_ACCOUNT_HOLDER, STATUS, COUNTRY) 
VALUES ('5207000686', '11', '11004965', 'LEOPOLDPLATZ', '13353', 'BERLIN', '0000002345', '10070000', 'XANDREA GIORGIO', 'WARTE AUF SERIENNUMMER','DEUTSCHLAND');

INSERT INTO ITYX_CX_DEV.NEWDB_CONTRACT (CUSTOMER_ID, HOUSE_NUMBER, CONTRACT_ID, STREET, ZIPCODE, CITY, ACCOUNT_NUMBER, BANK_CODE, BANK_ACCOUNT_HOLDER, STATUS, COUNTRY) 
VALUES ('3207000659', '12', '11004935', 'ADRIASTRASSE', '1020', 'WIEN', '0000002345', '12070000', 'IVR14 TEST', 'WARTE AUF SERIENNUMMER','DEUTSCHLAND');

INSERT INTO ITYX_CX_DEV.NEWDB_CONTRACT (CUSTOMER_ID, HOUSE_NUMBER, CONTRACT_ID, STREET, ZIPCODE, CITY, ACCOUNT_NUMBER, BANK_CODE, BANK_ACCOUNT_HOLDER, STATUS, COUNTRY) 
VALUES ('6107000691', '12', '11004970', 'LEO-BAECK-STR.', '14165', 'BERLIN', '0000002345', '10070000', 'FRA GIORGIO', 'WARTE AUF SERIENNUMMER','DEUTSCHLAND');

INSERT INTO ITYX_CX_DEV.NEWDB_CONTRACT (CUSTOMER_ID, HOUSE_NUMBER, CONTRACT_ID, STREET, ZIPCODE, CITY, ACCOUNT_NUMBER, BANK_CODE, BANK_ACCOUNT_HOLDER, STATUS, COUNTRY) 
VALUES ('3307000700', '110', '11004979', 'LEOPOLDSTR.', '80802', 'MÜNCHEN', '0000002345', '10070000', 'COGNOME33 NOME33', 'UNTERSCHRIEBEN','DEUTSCHLAND');

INSERT INTO ITYX_CX_DEV.NEWDB_CONTRACT (CUSTOMER_ID, HOUSE_NUMBER, CONTRACT_ID, STREET, ZIPCODE, CITY, ACCOUNT_NUMBER, BANK_CODE, BANK_ACCOUNT_HOLDER, STATUS, COUNTRY) 
VALUES ('4907000663', '114', '11004939', 'BRUCKNERSTR.', '81677', 'MÜNCHEN', '0000003456', '12070000', 'IVR15 TEST', 'UNTERSCHRIEBEN','DEUTSCHLAND');

INSERT INTO ITYX_CX_DEV.NEWDB_CONTRACT (CUSTOMER_ID, HOUSE_NUMBER, CONTRACT_ID, STREET, ZIPCODE, CITY, ACCOUNT_NUMBER, BANK_CODE, BANK_ACCOUNT_HOLDER, STATUS, COUNTRY) 
VALUES ('4307000716', '109', '11004995', 'PRINZREGENTENPLATZ', '81675', 'MÜNCHEN', '0000003456', '12070000', 'LOGISTIC 3 TEST', 'UNVOLLSTÄNDIG','DEUTSCHLAND');

INSERT INTO ITYX_CX_DEV.NEWDB_CONTRACT (CUSTOMER_ID, HOUSE_NUMBER, CONTRACT_ID, STREET, ZIPCODE, CITY, ACCOUNT_NUMBER, BANK_CODE, BANK_ACCOUNT_HOLDER, STATUS, COUNTRY) 
VALUES ('4807000657', '110', '11004933', 'PRINZREGENTENSTR.', '81677', 'MÜNCHEN', '0000002345', '12070000', 'IVR12 TEST', 'UNTERSCHRIEBEN','DEUTSCHLAND');

INSERT INTO ITYX_CX_DEV.NEWDB_CONTRACT (CUSTOMER_ID, HOUSE_NUMBER, CONTRACT_ID, STREET, ZIPCODE, CITY, ACCOUNT_NUMBER, BANK_CODE, BANK_ACCOUNT_HOLDER, STATUS, COUNTRY) 
VALUES ('6907000690', '1', '11004969', 'EINSTEINSTR.', '81675', 'MÜNCHEN', '0000002345', '12070000', 'TEST_E2 TEST_E', 'WARTE AUF SERIENNUMMER','DEUTSCHLAND');

INSERT INTO ITYX_CX_DEV.NEWDB_CONTRACT (CUSTOMER_ID, HOUSE_NUMBER, CONTRACT_ID, STREET, ZIPCODE, CITY, ACCOUNT_NUMBER, BANK_CODE, BANK_ACCOUNT_HOLDER, STATUS, COUNTRY) 
VALUES ('6307000743', '140', '11005020', 'LEOPOLDSTR.', '80804', 'MÜNCHEN', '0000002345', '10070000', 'TEST_LAU78 TEST_LAU78', 'WARTE AUF SERIENNUMMER','DEUTSCHLAND');

INSERT INTO ITYX_CX_DEV.NEWDB_CONTRACT (CUSTOMER_ID, HOUSE_NUMBER, CONTRACT_ID, STREET, ZIPCODE, CITY, ACCOUNT_NUMBER, BANK_CODE, BANK_ACCOUNT_HOLDER, STATUS, COUNTRY) 
VALUES ('4307000775', '36', '11005052', 'SALDERNSTR.', '14059', 'BERLIN', '0000002345', '25971024', 'MEYERS MARK', 'WARTE AUF SERIENNUMMER','DEUTSCHLAND');

INSERT INTO ITYX_CX_DEV.NEWDB_CONTRACT (CUSTOMER_ID, HOUSE_NUMBER, CONTRACT_ID, STREET, ZIPCODE, CITY, ACCOUNT_NUMBER, BANK_CODE, BANK_ACCOUNT_HOLDER, STATUS, COUNTRY) 
VALUES ('5807000767', '115', '11005044', 'EINSTEINSTR.', '81675', 'MÜNCHEN', '0000003456', '12070000', 'LOG MAN KDG-14 TEST', 'UNVOLLSTÄNDIG','DEUTSCHLAND');

INSERT INTO ITYX_CX_DEV.NEWDB_CONTRACT (CUSTOMER_ID, HOUSE_NUMBER, CONTRACT_ID, STREET, ZIPCODE, CITY, ACCOUNT_NUMBER, BANK_CODE, BANK_ACCOUNT_HOLDER, STATUS, COUNTRY) 
VALUES ('1607000755', '139', '11005032', 'EINSTEINSTR.', '81675', 'MÜNCHEN', '0000003456', '12070000', 'LOG MAN KBW-5 TEST', 'UNVOLLSTÄNDIG','DEUTSCHLAND');

INSERT INTO ITYX_CX_DEV.NEWDB_CONTRACT (CUSTOMER_ID, HOUSE_NUMBER, CONTRACT_ID, STREET, ZIPCODE, CITY, ACCOUNT_NUMBER, BANK_CODE, BANK_ACCOUNT_HOLDER, STATUS, COUNTRY) 
VALUES ('5103270791', '50', '1321533', 'BRESLAUER STR.', '27755', 'DELMENHORST', '', '', 'TER HELL GUIDO', 'WARTE AUF SERIENNUMMER','DEUTSCHLAND');

INSERT INTO ITYX_CX_DEV.NEWDB_CONTRACT (CUSTOMER_ID, HOUSE_NUMBER, CONTRACT_ID, STREET, ZIPCODE, CITY, ACCOUNT_NUMBER, BANK_CODE, BANK_ACCOUNT_HOLDER, STATUS, COUNTRY) 
VALUES ('6407000655', '144', '11004930', 'BRUCKNERSTR.', '81677', 'MÜNCHEN', '0000003456', '12070000', 'IVR11 TEST', 'BEENDET','DEUTSCHLAND');

INSERT INTO ITYX_CX_DEV.NEWDB_CONTRACT (CUSTOMER_ID, HOUSE_NUMBER, CONTRACT_ID, STREET, ZIPCODE, CITY, ACCOUNT_NUMBER, BANK_CODE, BANK_ACCOUNT_HOLDER, STATUS, COUNTRY) 
VALUES ('2907000636', '11', '11004909', 'MARE', '00100', 'FIRENZE', '', '', 'MALACCIO RINO', 'WARTE AUF SERIENNUMMER','DEUTSCHLAND');

INSERT INTO ITYX_CX_DEV.NEWDB_CONTRACT (CUSTOMER_ID, HOUSE_NUMBER, CONTRACT_ID, STREET, ZIPCODE, CITY, ACCOUNT_NUMBER, BANK_CODE, BANK_ACCOUNT_HOLDER, STATUS, COUNTRY) 
VALUES ('4101281596', '27', '846966', 'JÜLICHER STR.', '41836', 'HÜCKELHOVEN', '000000003604378', '3125122', 'TETZ CHRISTOPH', 'VOLLSTÄNDIG','DEUTSCHLAND');

INSERT INTO ITYX_CX_DEV.NEWDB_CONTRACT (CUSTOMER_ID, HOUSE_NUMBER, CONTRACT_ID, STREET, ZIPCODE, CITY, ACCOUNT_NUMBER, BANK_CODE, BANK_ACCOUNT_HOLDER, STATUS, COUNTRY) 
VALUES ('4702122839', '15', '956454', 'JOSEF-SCHULTES-STR.', '47918', 'TÖNISVORST', '000001100476033', '32060362', 'KOX MANFRED', 'VOLLSTÄNDIG','DEUTSCHLAND');

INSERT INTO ITYX_CX_DEV.NEWDB_CONTRACT (CUSTOMER_ID, HOUSE_NUMBER, CONTRACT_ID, STREET, ZIPCODE, CITY, ACCOUNT_NUMBER, BANK_CODE, BANK_ACCOUNT_HOLDER, STATUS, COUNTRY) 
VALUES ('2400478149', '37', '290410', 'ERICH-WEINERT-STR.', '14974', 'LUDWIGSFELDE', '00000464602087', '1605', 'SCHWANDT BJÖRN', 'VOLLSTÄNDIG','DEUTSCHLAND');

INSERT INTO ITYX_CX_DEV.NEWDB_CONTRACT (CUSTOMER_ID, HOUSE_NUMBER, CONTRACT_ID, STREET, ZIPCODE, CITY, ACCOUNT_NUMBER, BANK_CODE, BANK_ACCOUNT_HOLDER, STATUS, COUNTRY) 
VALUES ('1302297222', '60', '1057411', 'EBERESCHENWEG', '46147', 'OBERHAUSEN', '000000016022584', '3655', 'WENING AXEL', 'VOLLSTÄNDIG','DEUTSCHLAND');

INSERT INTO ITYX_CX_DEV.NEWDB_CONTRACT (CUSTOMER_ID, HOUSE_NUMBER, CONTRACT_ID, STREET, ZIPCODE, CITY, ACCOUNT_NUMBER, BANK_CODE, BANK_ACCOUNT_HOLDER, STATUS, COUNTRY) 
VALUES ('4400328306', '69a', '14092402', 'DORFSTR.', '25337', 'SEETH-EKHOLT', '00000000024569', '2215173', 'JANSEN CHRISTINE', 'VOLLSTÄNDIG','DEUTSCHLAND');

INSERT INTO ITYX_CX_DEV.NEWDB_CONTRACT (CUSTOMER_ID, HOUSE_NUMBER, CONTRACT_ID, STREET, ZIPCODE, CITY, ACCOUNT_NUMBER, BANK_CODE, BANK_ACCOUNT_HOLDER, STATUS, COUNTRY) 
VALUES ('4700291040', '7', '181830', 'PFARRER-WENNINGER-STR.', '94099', 'RUHSTORF A.D.ROTT', '000000000022373', '74061101', 'JODTS DANNY GEERT', 'VOLLSTÄNDIG','DEUTSCHLAND');

INSERT INTO ITYX_CX_DEV.NEWDB_CONTRACT (CUSTOMER_ID, HOUSE_NUMBER, CONTRACT_ID, STREET, ZIPCODE, CITY, ACCOUNT_NUMBER, BANK_CODE, BANK_ACCOUNT_HOLDER, STATUS, COUNTRY) 
VALUES ('2905889377', '79', '3326851', 'LINDENSTR.', '15517', 'FÜRSTENWALDE/SPREE', '000000904290903', '8601009', 'NEUMANN KLAUS-JÜRGEN', 'VOLLSTÄNDIG','DEUTSCHLAND');

INSERT INTO ITYX_CX_DEV.NEWDB_CONTRACT (CUSTOMER_ID, HOUSE_NUMBER, CONTRACT_ID, STREET, ZIPCODE, CITY, ACCOUNT_NUMBER, BANK_CODE, BANK_ACCOUNT_HOLDER, STATUS, COUNTRY) 
VALUES ('5811903677', '5', '16945278', 'KELTENSTR.', '87653', 'EGGENTHAL', '33324', '73369871', 'SCHMID ANTON', 'AKTIV','DEUTSCHLAND');

INSERT INTO ITYX_CX_DEV.NEWDB_CONTRACT (CUSTOMER_ID, HOUSE_NUMBER, CONTRACT_ID, STREET, ZIPCODE, CITY, ACCOUNT_NUMBER, BANK_CODE, BANK_ACCOUNT_HOLDER, STATUS, COUNTRY) 
VALUES ('3011951839', '104', '17043439', 'IM DORFE', '99448', 'HOHENFELDEN', '1430025510', '82051000', 'LIEBRICH CHRISTIAN', 'AKTIV','DEUTSCHLAND');

INSERT INTO ITYX_CX_DEV.NEWDB_CONTRACT (CUSTOMER_ID, HOUSE_NUMBER, CONTRACT_ID, STREET, ZIPCODE, CITY, ACCOUNT_NUMBER, BANK_CODE, BANK_ACCOUNT_HOLDER, STATUS, COUNTRY) 
VALUES ('6940000584', '2', '40000613', 'LEOSTR.', '81375', 'MÜNCHEN', '0000002345', '10070000', 'TEST GIORGIO', 'GESPERRT','DEUTSCHLAND');

INSERT INTO ITYX_CX_DEV.NEWDB_CONTRACT (CUSTOMER_ID, HOUSE_NUMBER, CONTRACT_ID, STREET, ZIPCODE, CITY, ACCOUNT_NUMBER, BANK_CODE, BANK_ACCOUNT_HOLDER, STATUS, COUNTRY) 
VALUES ('5811970246', '22', '17071979', 'DUMBASTRAßE 7 /', '4820', 'KALTENBACH', '161051404', '00015030', 'LOIDL CHRISTIAN ALEXANDER', 'AKTIV','DEUTSCHLAND');

INSERT INTO ITYX_CX_DEV.NEWDB_CONTRACT (CUSTOMER_ID, HOUSE_NUMBER, CONTRACT_ID, STREET, ZIPCODE, CITY, ACCOUNT_NUMBER, BANK_CODE, BANK_ACCOUNT_HOLDER, STATUS, COUNTRY) 
VALUES ('4111955291', '1', '17049341', 'BIRKENFELD', '59071', 'HAMM', '1007762430', '30020900', 'FLOCK SUSI CHRISTINE', 'AKTIV','DEUTSCHLAND');

INSERT INTO ITYX_CX_DEV.NEWDB_CONTRACT (CUSTOMER_ID, HOUSE_NUMBER, CONTRACT_ID, STREET, ZIPCODE, CITY, ACCOUNT_NUMBER, BANK_CODE, BANK_ACCOUNT_HOLDER, STATUS, COUNTRY) 
VALUES ('4411920357', '2', '16983546', 'GEWERBEHOF', '6330', 'KUFSTEIN', '397121', '00043770', 'HENSE ANNA', 'AKTIV','DEUTSCHLAND');

INSERT INTO ITYX_CX_DEV.NEWDB_CONTRACT (CUSTOMER_ID, HOUSE_NUMBER, CONTRACT_ID, STREET, ZIPCODE, CITY, ACCOUNT_NUMBER, BANK_CODE, BANK_ACCOUNT_HOLDER, STATUS, COUNTRY) 
VALUES ('3911962938', '42', '17060655', 'BORNGASSE', '65594', 'RUNKEL', '271932', '50090500', 'KRAUS JÜRGEN-HEINZ', 'AKTIV','DEUTSCHLAND');

INSERT INTO ITYX_CX_DEV.NEWDB_CONTRACT (CUSTOMER_ID, HOUSE_NUMBER, CONTRACT_ID, STREET, ZIPCODE, CITY, ACCOUNT_NUMBER, BANK_CODE, BANK_ACCOUNT_HOLDER, STATUS, COUNTRY) 
VALUES ('1411988454', '14', '17111729', 'WARSCHAUER STR.', '99089', 'ERFURT', '', '', 'STOLL ANNE-KATRIN', 'AKTIV','DEUTSCHLAND');

INSERT INTO ITYX_CX_DEV.NEWDB_CONTRACT (CUSTOMER_ID, HOUSE_NUMBER, CONTRACT_ID, STREET, ZIPCODE, CITY, ACCOUNT_NUMBER, BANK_CODE, BANK_ACCOUNT_HOLDER, STATUS, COUNTRY) 
VALUES ('4612040503', '103', '17195126', 'AACHENER STR.', '52477', 'ALSDORF', '6203822012', '39162980', 'TRAPPEIN FRANK', 'AKTIV','DEUTSCHLAND');

INSERT INTO ITYX_CX_DEV.NEWDB_CONTRACT (CUSTOMER_ID, HOUSE_NUMBER, CONTRACT_ID, STREET, ZIPCODE, CITY, ACCOUNT_NUMBER, BANK_CODE, BANK_ACCOUNT_HOLDER, STATUS, COUNTRY) 
VALUES ('3040000595', '3', '40000624', 'WITTGASSE', '94032', 'PASSAU', '0000003456', '12070000', 'TEST TEST', 'AKTIV','DEUTSCHLAND');

INSERT INTO ITYX_CX_DEV.NEWDB_CONTRACT (CUSTOMER_ID, HOUSE_NUMBER, CONTRACT_ID, STREET, ZIPCODE, CITY, ACCOUNT_NUMBER, BANK_CODE, BANK_ACCOUNT_HOLDER, STATUS, COUNTRY) 
VALUES ('1911961071', '5', '17057705', 'HARKORTSTR.', '44577', 'CASTROP-RAUXEL', '1050092277', '42650150', 'PLANKEN ADELHEID', 'AKTIV','DEUTSCHLAND');

INSERT INTO ITYX_CX_DEV.NEWDB_CONTRACT (CUSTOMER_ID, HOUSE_NUMBER, CONTRACT_ID, STREET, ZIPCODE, CITY, ACCOUNT_NUMBER, BANK_CODE, BANK_ACCOUNT_HOLDER, STATUS, COUNTRY) 
VALUES ('1111961206', '36', '17057936', 'BRIESESTR.', '12053', 'BERLIN', '1410250080', '10050000', 'YÜZGEC ANGELIKA', 'AKTIV','DEUTSCHLAND');

INSERT INTO ITYX_CX_DEV.NEWDB_CONTRACT (CUSTOMER_ID, HOUSE_NUMBER, CONTRACT_ID, STREET, ZIPCODE, CITY, ACCOUNT_NUMBER, BANK_CODE, BANK_ACCOUNT_HOLDER, STATUS, COUNTRY) 
VALUES ('4911891547', '1', '16927498', 'AN DER BAHN', '54597', 'SCHWIRZHEIM', '5507759', '58661901', 'WENDEL RAINER', 'AKTIV','DEUTSCHLAND');

INSERT INTO ITYX_CX_DEV.NEWDB_CONTRACT (CUSTOMER_ID, HOUSE_NUMBER, CONTRACT_ID, STREET, ZIPCODE, CITY, ACCOUNT_NUMBER, BANK_CODE, BANK_ACCOUNT_HOLDER, STATUS, COUNTRY) 
VALUES ('6312081135', '25', '17263139', 'KRUSENPLATZ', '32139', 'SPENGE', '341622900', '47640051', 'LEHMEIER CHRISTEL', 'AKTIV','DEUTSCHLAND');

INSERT INTO ITYX_CX_DEV.NEWDB_CONTRACT (CUSTOMER_ID, HOUSE_NUMBER, CONTRACT_ID, STREET, ZIPCODE, CITY, ACCOUNT_NUMBER, BANK_CODE, BANK_ACCOUNT_HOLDER, STATUS, COUNTRY) 
VALUES ('4040000646', '45', '40000676', 'BERGGASSE', '2013', 'VIENDORF', '', '', 'TEST678 TEST678', 'AKTIV','DEUTSCHLAND');

INSERT INTO ITYX_CX_DEV.NEWDB_CONTRACT (CUSTOMER_ID, HOUSE_NUMBER, CONTRACT_ID, STREET, ZIPCODE, CITY, ACCOUNT_NUMBER, BANK_CODE, BANK_ACCOUNT_HOLDER, STATUS, COUNTRY) 
VALUES ('5640000644', '23', '40000673', 'BERGGASSE', '2013', 'VIENDORF', '', '', 'TES243 TES243', 'BEENDET','DEUTSCHLAND');

INSERT INTO ITYX_CX_DEV.NEWDB_CONTRACT (CUSTOMER_ID, HOUSE_NUMBER, CONTRACT_ID, STREET, ZIPCODE, CITY, ACCOUNT_NUMBER, BANK_CODE, BANK_ACCOUNT_HOLDER, STATUS, COUNTRY) 
VALUES ('3000549538', '42', '338361', 'HERMANN-LÖNS-RING', '21354', 'BLECKEDE', '', '', 'JUNKER KLAUS', 'VOLLSTÄNDIG','DEUTSCHLAND');

INSERT INTO ITYX_CX_DEV.NEWDB_CONTRACT (CUSTOMER_ID, HOUSE_NUMBER, CONTRACT_ID, STREET, ZIPCODE, CITY, ACCOUNT_NUMBER, BANK_CODE, BANK_ACCOUNT_HOLDER, STATUS, COUNTRY) 
VALUES ('6840000613', '2345', '40000642', 'SALIERSTR.', '12524', 'BERLIN', '', '', 'ASFDS FASD', 'BEENDET','DEUTSCHLAND');

INSERT INTO ITYX_CX_DEV.NEWDB_CONTRACT (CUSTOMER_ID, HOUSE_NUMBER, CONTRACT_ID, STREET, ZIPCODE, CITY, ACCOUNT_NUMBER, BANK_CODE, BANK_ACCOUNT_HOLDER, STATUS, COUNTRY) 
VALUES ('6403760849', '04', '17063308', 'EFEUWEG', '33689', 'BIELEFELD', '0000003456', '12070000', 'GEUER PETRA', 'BEENDET','DEUTSCHLAND');

INSERT INTO ITYX_CX_DEV.NEWDB_CONTRACT (CUSTOMER_ID, HOUSE_NUMBER, CONTRACT_ID, STREET, ZIPCODE, CITY, ACCOUNT_NUMBER, BANK_CODE, BANK_ACCOUNT_HOLDER, STATUS, COUNTRY) 
VALUES ('1107000779', '1', '40006704', 'STRASSE 1', '13059', 'BERLIN', '0000003456', '12070000', 'BILLING UBICATIONAS', 'WARTE AUF SERIENNUMMER','DEUTSCHLAND');

INSERT INTO ITYX_CX_DEV.NEWDB_CONTRACT (CUSTOMER_ID, HOUSE_NUMBER, CONTRACT_ID, STREET, ZIPCODE, CITY, ACCOUNT_NUMBER, BANK_CODE, BANK_ACCOUNT_HOLDER, STATUS, COUNTRY) 
VALUES ('5007000803', '230', '40006555', 'LEOPOLDSTR.', '80807', 'MÜNCHEN', '0000002345', '10070000', 'TEST_BM3 TEST_BM3', 'WARTE AUF SERIENNUMMER','DEUTSCHLAND');

INSERT INTO ITYX_CX_DEV.NEWDB_CONTRACT (CUSTOMER_ID, HOUSE_NUMBER, CONTRACT_ID, STREET, ZIPCODE, CITY, ACCOUNT_NUMBER, BANK_CODE, BANK_ACCOUNT_HOLDER, STATUS, COUNTRY) 
VALUES ('4307000775', '366', '40006898', 'SALDERNSTR.', '14059', 'BERLIN', '0000002345', '25971024', 'MEYERS MARK', 'WARTE AUF SERIENNUMMER','DEUTSCHLAND');

INSERT INTO ITYX_CX_DEV.NEWDB_CONTRACT (CUSTOMER_ID, HOUSE_NUMBER, CONTRACT_ID, STREET, ZIPCODE, CITY, ACCOUNT_NUMBER, BANK_CODE, BANK_ACCOUNT_HOLDER, STATUS, COUNTRY) 
VALUES ('5111955055', '1', '17048996', 'LAUTERER WEG', '96148', 'BAUNACH', '', '', 'GRAHAM STEFANIE', 'WARTE AUF SERIENNUMMER','DEUTSCHLAND');

INSERT INTO ITYX_CX_DEV.NEWDB_CONTRACT (CUSTOMER_ID, HOUSE_NUMBER, CONTRACT_ID, STREET, ZIPCODE, CITY, ACCOUNT_NUMBER, BANK_CODE, BANK_ACCOUNT_HOLDER, STATUS, COUNTRY) 
VALUES ('1303022750', '12', '1149587', 'AM SÜLZBERG', '63857', 'WALDASCHAFF', '', '', 'KABAKCI GÜVEN', 'VOLLSTÄNDIG','DEUTSCHLAND');

INSERT INTO ITYX_CX_DEV.NEWDB_CONTRACT (CUSTOMER_ID, HOUSE_NUMBER, CONTRACT_ID, STREET, ZIPCODE, CITY, ACCOUNT_NUMBER, BANK_CODE, BANK_ACCOUNT_HOLDER, STATUS, COUNTRY) 
VALUES ('2707000777', '1', '11005054', 'AMMERSTR.', '81479', 'MÜNCHEN', '', '', 'TEST1 OLD', 'BEENDET','DEUTSCHLAND');

INSERT INTO ITYX_CX_DEV.NEWDB_CONTRACT (CUSTOMER_ID, HOUSE_NUMBER, CONTRACT_ID, STREET, ZIPCODE, CITY, ACCOUNT_NUMBER, BANK_CODE, BANK_ACCOUNT_HOLDER, STATUS, COUNTRY) 
VALUES ('1507000749', '100', '11005026', 'EINSTEINSTR.', '81675', 'MÜNCHEN', '', '', 'IVR2 DEVTEST', 'WARTE AUF SERIENNUMMER','DEUTSCHLAND');



--------------------------------------------------------
--  Data for table NEWDB_ASSET
--------------------------------------------------------

INSERT INTO ITYX_CX_DEV.NEWDB_ASSET (CUSTOMER_ID, CONTRACT_ID, SERIAL_NUMBER, STATUS) 
VALUES ('4911891547', '16927498', '20907433673042', 'DEFEKT');

INSERT INTO ITYX_CX_DEV.NEWDB_ASSET (CUSTOMER_ID, CONTRACT_ID, SERIAL_NUMBER, STATUS) 
VALUES ('4911891547', '16927498', '30000012571808', 'ASSOZIIERT');

INSERT INTO ITYX_CX_DEV.NEWDB_ASSET (CUSTOMER_ID, CONTRACT_ID, SERIAL_NUMBER, STATUS) 
VALUES ('1411988454', '17111729', '027830864158', 'FALSCHE ZUWEISUNG');

INSERT INTO ITYX_CX_DEV.NEWDB_ASSET (CUSTOMER_ID, CONTRACT_ID, SERIAL_NUMBER, STATUS) 
VALUES ('4411920357', '16983546', '027007728303', 'ASSOZIIERT');

INSERT INTO ITYX_CX_DEV.NEWDB_ASSET (CUSTOMER_ID, CONTRACT_ID, SERIAL_NUMBER, STATUS) 
VALUES ('4411920357', '16983546', '027964513655', 'FALSCHE ZUWEISUNG');

INSERT INTO ITYX_CX_DEV.NEWDB_ASSET (CUSTOMER_ID, CONTRACT_ID, SERIAL_NUMBER, STATUS) 
VALUES ('4411920357', '16983546', '14206002923537', 'ASSOZIIERT');

INSERT INTO ITYX_CX_DEV.NEWDB_ASSET (CUSTOMER_ID, CONTRACT_ID, SERIAL_NUMBER, STATUS) 
VALUES ('5111955055', '17048996', '20907417600621', 'ASSOZIIERT');

INSERT INTO ITYX_CX_DEV.NEWDB_ASSET (CUSTOMER_ID, CONTRACT_ID, SERIAL_NUMBER, STATUS) 
VALUES ('5111955055', '17048996', '30000021424668', 'NEU');

INSERT INTO ITYX_CX_DEV.NEWDB_ASSET (CUSTOMER_ID, CONTRACT_ID, SERIAL_NUMBER, STATUS) 
VALUES ('4111955291', '17049341', '20907133137392', 'ASSOZIIERT');

INSERT INTO ITYX_CX_DEV.NEWDB_ASSET (CUSTOMER_ID, CONTRACT_ID, SERIAL_NUMBER, STATUS) 
VALUES ('4111955291', '17049341', '30000022164362', 'FALSCHE ZUWEISUNG');

INSERT INTO ITYX_CX_DEV.NEWDB_ASSET (CUSTOMER_ID, CONTRACT_ID, SERIAL_NUMBER, STATUS) 
VALUES ('6312081135', '17263139', '124166525969', 'ASSOZIIERT');

INSERT INTO ITYX_CX_DEV.NEWDB_ASSET (CUSTOMER_ID, CONTRACT_ID, SERIAL_NUMBER, STATUS) 
VALUES ('3040000595', '40000624', '00042951602517', 'VERLOREN');

INSERT INTO ITYX_CX_DEV.NEWDB_ASSET (CUSTOMER_ID, CONTRACT_ID, SERIAL_NUMBER, STATUS) 
VALUES ('3040000595', '40000624', '00042953221381', 'ASSOZIIERT');

INSERT INTO ITYX_CX_DEV.NEWDB_ASSET (CUSTOMER_ID, CONTRACT_ID, SERIAL_NUMBER, STATUS) 
VALUES ('3040000595', '40000624', '24207006908587', 'ASSOZIIERT');

INSERT INTO ITYX_CX_DEV.NEWDB_ASSET (CUSTOMER_ID, CONTRACT_ID, SERIAL_NUMBER, STATUS) 
VALUES ('6811948840', '17039906', '30000020917068', 'ASSOZIIERT');

INSERT INTO ITYX_CX_DEV.NEWDB_ASSET (CUSTOMER_ID, CONTRACT_ID, SERIAL_NUMBER, STATUS) 
VALUES ('5811970246', '17071979', '20907262909596', 'ASSOZIIERT');

INSERT INTO ITYX_CX_DEV.NEWDB_ASSET (CUSTOMER_ID, CONTRACT_ID, SERIAL_NUMBER, STATUS) 
VALUES ('5811970246', '17071979', '30000009848243', 'ASSOZIIERT');

INSERT INTO ITYX_CX_DEV.NEWDB_ASSET (CUSTOMER_ID, CONTRACT_ID, SERIAL_NUMBER, STATUS) 
VALUES ('3011951839', '17043439', '30000011404662', 'ASSOZIIERT');

INSERT INTO ITYX_CX_DEV.NEWDB_ASSET (CUSTOMER_ID, CONTRACT_ID, SERIAL_NUMBER, STATUS) 
VALUES ('3911962938', '17060655', '21132000823848', 'ASSOZIIERT');

INSERT INTO ITYX_CX_DEV.NEWDB_ASSET (CUSTOMER_ID, CONTRACT_ID, SERIAL_NUMBER, STATUS) 
VALUES ('3911962938', '17060655', '30000020898177', 'ASSOZIIERT');

INSERT INTO ITYX_CX_DEV.NEWDB_ASSET (CUSTOMER_ID, CONTRACT_ID, SERIAL_NUMBER, STATUS) 
VALUES ('1911961071', '17057705', '0278171231718', 'ASSOZIIERT');

INSERT INTO ITYX_CX_DEV.NEWDB_ASSET (CUSTOMER_ID, CONTRACT_ID, SERIAL_NUMBER, STATUS) 
VALUES ('1911961071', '17057705', '124132628081', 'ASSOZIIERT');

INSERT INTO ITYX_CX_DEV.NEWDB_ASSET (CUSTOMER_ID, CONTRACT_ID, SERIAL_NUMBER, STATUS) 
VALUES ('1911961071', '17057705', '124444997590', 'ASSOZIIERT');

INSERT INTO ITYX_CX_DEV.NEWDB_ASSET (CUSTOMER_ID, CONTRACT_ID, SERIAL_NUMBER, STATUS) 
VALUES ('1111961206', '17057936', '027848057889', 'FALSCHE ZUWEISUNG');

INSERT INTO ITYX_CX_DEV.NEWDB_ASSET (CUSTOMER_ID, CONTRACT_ID, SERIAL_NUMBER, STATUS) 
VALUES ('1111961206', '17057936', '11125001821316', 'ASSOZIIERT');

INSERT INTO ITYX_CX_DEV.NEWDB_ASSET (CUSTOMER_ID, CONTRACT_ID, SERIAL_NUMBER, STATUS) 
VALUES ('1111961206', '17057936', '11135000108910', 'DEFEKT');

INSERT INTO ITYX_CX_DEV.NEWDB_ASSET (CUSTOMER_ID, CONTRACT_ID, SERIAL_NUMBER, STATUS) 
VALUES ('1111961206', '17057936', '30000026649434', 'ASSOZIIERT');

INSERT INTO ITYX_CX_DEV.NEWDB_ASSET (CUSTOMER_ID, CONTRACT_ID, SERIAL_NUMBER, STATUS) 
VALUES ('1111961206', '17057936', '62816000109112', 'ASSOZIIERT');

INSERT INTO ITYX_CX_DEV.NEWDB_ASSET (CUSTOMER_ID, CONTRACT_ID, SERIAL_NUMBER, STATUS) 
VALUES ('4612040503', '17195126', '124015703450', 'ASSOZIIERT');

INSERT INTO ITYX_CX_DEV.NEWDB_ASSET (CUSTOMER_ID, CONTRACT_ID, SERIAL_NUMBER, STATUS) 
VALUES ('5103270791', '1321533', '027623151530', 'ASSOZIIERT');

INSERT INTO ITYX_CX_DEV.NEWDB_ASSET (CUSTOMER_ID, CONTRACT_ID, SERIAL_NUMBER, STATUS) 
VALUES ('5103270791', '1321533', '20907001588606', 'ASSOZIIERT');

INSERT INTO ITYX_CX_DEV.NEWDB_ASSET (CUSTOMER_ID, CONTRACT_ID, SERIAL_NUMBER, STATUS) 
VALUES ('5103270791', '1321533', '20907120699209', 'VERLOREN');

INSERT INTO ITYX_CX_DEV.NEWDB_ASSET (CUSTOMER_ID, CONTRACT_ID, SERIAL_NUMBER, STATUS) 
VALUES ('6407000655', '11004930', '051076565353', 'ASSOZIIERT');

INSERT INTO ITYX_CX_DEV.NEWDB_ASSET (CUSTOMER_ID, CONTRACT_ID, SERIAL_NUMBER, STATUS) 
VALUES ('6407000655', '11004930', '14206007778185', 'ASSOZIIERT');

INSERT INTO ITYX_CX_DEV.NEWDB_ASSET (CUSTOMER_ID, CONTRACT_ID, SERIAL_NUMBER, STATUS) 
VALUES ('2707000777', '11005054', '22814000180003', 'ASSOZIIERT');

INSERT INTO ITYX_CX_DEV.NEWDB_ASSET (CUSTOMER_ID, CONTRACT_ID, SERIAL_NUMBER, STATUS) 
VALUES ('4807000657', '11004933', '051076568585', 'ASSOZIIERT');

INSERT INTO ITYX_CX_DEV.NEWDB_ASSET (CUSTOMER_ID, CONTRACT_ID, SERIAL_NUMBER, STATUS) 
VALUES ('1507000749', '11005026', '14206005663333', 'ASSOZIIERT');

INSERT INTO ITYX_CX_DEV.NEWDB_ASSET (CUSTOMER_ID, CONTRACT_ID, SERIAL_NUMBER, STATUS) 
VALUES ('1507000749', '11005026', '53301052535974', 'ASSOZIIERT');

INSERT INTO ITYX_CX_DEV.NEWDB_ASSET (CUSTOMER_ID, CONTRACT_ID, SERIAL_NUMBER, STATUS) 
VALUES ('4040000646', '40000676', '30000009827510', 'ASSOZIIERT');

INSERT INTO ITYX_CX_DEV.NEWDB_ASSET (CUSTOMER_ID, CONTRACT_ID, SERIAL_NUMBER, STATUS) 
VALUES ('4300376008', '227993', '20907252099798', 'ASSOZIIERT');

INSERT INTO ITYX_CX_DEV.NEWDB_ASSET (CUSTOMER_ID, CONTRACT_ID, SERIAL_NUMBER, STATUS) 
VALUES ('2205060814', '2631869', '027665988808', 'ASSOZIIERT');

INSERT INTO ITYX_CX_DEV.NEWDB_ASSET (CUSTOMER_ID, CONTRACT_ID, SERIAL_NUMBER, STATUS) 
VALUES ('2205060814', '2631869', '21104010971323', 'NEU');

INSERT INTO ITYX_CX_DEV.NEWDB_ASSET (CUSTOMER_ID, CONTRACT_ID, SERIAL_NUMBER, STATUS) 
VALUES ('3000549538', '338361', '20907260822828', 'ASSOZIIERT');

INSERT INTO ITYX_CX_DEV.NEWDB_ASSET (CUSTOMER_ID, CONTRACT_ID, SERIAL_NUMBER, STATUS) 
VALUES ('5805642098', '3052621', '027671393241', 'ASSOZIIERT');

INSERT INTO ITYX_CX_DEV.NEWDB_ASSET (CUSTOMER_ID, CONTRACT_ID, SERIAL_NUMBER, STATUS) 
VALUES ('4306053980', '3497778', '027625637989', 'ASSOZIIERT');

INSERT INTO ITYX_CX_DEV.NEWDB_ASSET (CUSTOMER_ID, CONTRACT_ID, SERIAL_NUMBER, STATUS) 
VALUES ('4306053980', '3497778', '21104013977586', 'NEU');

INSERT INTO ITYX_CX_DEV.NEWDB_ASSET (CUSTOMER_ID, CONTRACT_ID, SERIAL_NUMBER, STATUS) 
VALUES ('1500571250', '11479576', '027616612328', 'ASSOZIIERT');

INSERT INTO ITYX_CX_DEV.NEWDB_ASSET (CUSTOMER_ID, CONTRACT_ID, SERIAL_NUMBER, STATUS) 
VALUES ('1500571250', '11479576', '20902106023655', 'FALSCHE ZUWEISUNG');

INSERT INTO ITYX_CX_DEV.NEWDB_ASSET (CUSTOMER_ID, CONTRACT_ID, SERIAL_NUMBER, STATUS) 
VALUES ('1500571250', '11479576', '20907259688586', 'ASSOZIIERT');

INSERT INTO ITYX_CX_DEV.NEWDB_ASSET (CUSTOMER_ID, CONTRACT_ID, SERIAL_NUMBER, STATUS) 
VALUES ('2809388171', '11674310', '20907417934143', 'ASSOZIIERT');

INSERT INTO ITYX_CX_DEV.NEWDB_ASSET (CUSTOMER_ID, CONTRACT_ID, SERIAL_NUMBER, STATUS) 
VALUES ('2809388171', '11674310', '30000009803115', 'ASSOZIIERT');

INSERT INTO ITYX_CX_DEV.NEWDB_ASSET (CUSTOMER_ID, CONTRACT_ID, SERIAL_NUMBER, STATUS) 
VALUES ('1804276860', '1994125', '027618565470', 'FALSCHE ZUWEISUNG');

INSERT INTO ITYX_CX_DEV.NEWDB_ASSET (CUSTOMER_ID, CONTRACT_ID, SERIAL_NUMBER, STATUS) 
VALUES ('1804276860', '1994125', '21104002256880', 'NEU');

INSERT INTO ITYX_CX_DEV.NEWDB_ASSET (CUSTOMER_ID, CONTRACT_ID, SERIAL_NUMBER, STATUS) 
VALUES ('5811903677', '16945278', '20907107046978', 'ASSOZIIERT');

INSERT INTO ITYX_CX_DEV.NEWDB_ASSET (CUSTOMER_ID, CONTRACT_ID, SERIAL_NUMBER, STATUS) 
VALUES ('5811903677', '16945278', '30000001831510', 'ASSOZIIERT');

INSERT INTO ITYX_CX_DEV.NEWDB_ASSET (CUSTOMER_ID, CONTRACT_ID, SERIAL_NUMBER, STATUS) 
VALUES ('3807000834', '11005104', '14206007777882', 'ASSOZIIERT');

INSERT INTO ITYX_CX_DEV.NEWDB_ASSET (CUSTOMER_ID, CONTRACT_ID, SERIAL_NUMBER, STATUS) 
VALUES ('6403760849', '17063308', '20907306132121', 'FALSCHE ZUWEISUNG');

INSERT INTO ITYX_CX_DEV.NEWDB_ASSET (CUSTOMER_ID, CONTRACT_ID, SERIAL_NUMBER, STATUS) 
VALUES ('6403760849', '17063308', '30000010489391', 'FALSCHE ZUWEISUNG');

INSERT INTO ITYX_CX_DEV.NEWDB_ASSET (CUSTOMER_ID, CONTRACT_ID, SERIAL_NUMBER, STATUS) 
VALUES ('5903474205', '1461601', '30000009099797', 'DEFEKT');

INSERT INTO ITYX_CX_DEV.NEWDB_ASSET (CUSTOMER_ID, CONTRACT_ID, SERIAL_NUMBER, STATUS) 
VALUES ('4907000856', '11005131', '14206003499508', 'NEU');

INSERT INTO ITYX_CX_DEV.NEWDB_ASSET (CUSTOMER_ID, CONTRACT_ID, SERIAL_NUMBER, STATUS) 
VALUES ('4907000856', '11005131', '20902107482024', 'FALSCHE ZUWEISUNG');

INSERT INTO ITYX_CX_DEV.NEWDB_ASSET (CUSTOMER_ID, CONTRACT_ID, SERIAL_NUMBER, STATUS) 
VALUES ('4907000856', '11005131', '53301096947592', 'NEU');

INSERT INTO ITYX_CX_DEV.NEWDB_ASSET (CUSTOMER_ID, CONTRACT_ID, SERIAL_NUMBER, STATUS) 
VALUES ('6940000584', '40000613', '30000022756431', 'ASSOZIIERT');

INSERT INTO ITYX_CX_DEV.NEWDB_ASSET (CUSTOMER_ID, CONTRACT_ID, SERIAL_NUMBER, STATUS) 
VALUES ('2400478149', '290410', '027657252849', 'ASSOZIIERT');

INSERT INTO ITYX_CX_DEV.NEWDB_ASSET (CUSTOMER_ID, CONTRACT_ID, SERIAL_NUMBER, STATUS) 
VALUES ('5102224239', '1013067', '027831169697', 'ASSOZIIERT');

INSERT INTO ITYX_CX_DEV.NEWDB_ASSET (CUSTOMER_ID, CONTRACT_ID, SERIAL_NUMBER, STATUS) 
VALUES ('5102224239', '1013067', '11109004110525', 'NEU');

INSERT INTO ITYX_CX_DEV.NEWDB_ASSET (CUSTOMER_ID, CONTRACT_ID, SERIAL_NUMBER, STATUS) 
VALUES ('4400806187', '510337', '051068635365', 'ASSOZIIERT');

INSERT INTO ITYX_CX_DEV.NEWDB_ASSET (CUSTOMER_ID, CONTRACT_ID, SERIAL_NUMBER, STATUS) 
VALUES ('4400806187', '510337', '11109005228905', 'NEU');

INSERT INTO ITYX_CX_DEV.NEWDB_ASSET (CUSTOMER_ID, CONTRACT_ID, SERIAL_NUMBER, STATUS) 
VALUES ('4603455404', '5506440', '027809866272', 'ASSOZIIERT');

INSERT INTO ITYX_CX_DEV.NEWDB_ASSET (CUSTOMER_ID, CONTRACT_ID, SERIAL_NUMBER, STATUS) 
VALUES ('4603455404', '5506440', '11906138179295', 'ASSOZIIERT');

INSERT INTO ITYX_CX_DEV.NEWDB_ASSET (CUSTOMER_ID, CONTRACT_ID, SERIAL_NUMBER, STATUS) 
VALUES ('1305928478', '16820995', '027721344154', 'ASSOZIIERT');

INSERT INTO ITYX_CX_DEV.NEWDB_ASSET (CUSTOMER_ID, CONTRACT_ID, SERIAL_NUMBER, STATUS) 
VALUES ('2903173340', '1253765', '027624602850', 'ASSOZIIERT');

INSERT INTO ITYX_CX_DEV.NEWDB_ASSET (CUSTOMER_ID, CONTRACT_ID, SERIAL_NUMBER, STATUS) 
VALUES ('2903173340', '1253765', '21104002553049', 'NEU');

INSERT INTO ITYX_CX_DEV.NEWDB_ASSET (CUSTOMER_ID, CONTRACT_ID, SERIAL_NUMBER, STATUS) 
VALUES ('4400328306', '14092402', '027662811315', 'ASSOZIIERT');

INSERT INTO ITYX_CX_DEV.NEWDB_ASSET (CUSTOMER_ID, CONTRACT_ID, SERIAL_NUMBER, STATUS) 
VALUES ('4700291040', '181830', '30000007723034', 'ASSOZIIERT');

INSERT INTO ITYX_CX_DEV.NEWDB_ASSET (CUSTOMER_ID, CONTRACT_ID, SERIAL_NUMBER, STATUS) 
VALUES ('5201157940', '758679', '051014864461', 'ASSOZIIERT');

INSERT INTO ITYX_CX_DEV.NEWDB_ASSET (CUSTOMER_ID, CONTRACT_ID, SERIAL_NUMBER, STATUS) 
VALUES ('5201157940', '758679', '11102814291630', 'NEU');

INSERT INTO ITYX_CX_DEV.NEWDB_ASSET (CUSTOMER_ID, CONTRACT_ID, SERIAL_NUMBER, STATUS) 
VALUES ('5300360907', '221340', '027615794156', 'ASSOZIIERT');

INSERT INTO ITYX_CX_DEV.NEWDB_ASSET (CUSTOMER_ID, CONTRACT_ID, SERIAL_NUMBER, STATUS) 
VALUES ('5300360907', '221340', '21104010589108', 'NEU');

INSERT INTO ITYX_CX_DEV.NEWDB_ASSET (CUSTOMER_ID, CONTRACT_ID, SERIAL_NUMBER, STATUS) 
VALUES ('1303022750', '1149587', '027620801525', 'ASSOZIIERT');

INSERT INTO ITYX_CX_DEV.NEWDB_ASSET (CUSTOMER_ID, CONTRACT_ID, SERIAL_NUMBER, STATUS) 
VALUES ('1303022750', '1149587', '21104001273137', 'NEU');

INSERT INTO ITYX_CX_DEV.NEWDB_ASSET (CUSTOMER_ID, CONTRACT_ID, SERIAL_NUMBER, STATUS) 
VALUES ('1404913109', '2518484', '027831060216', 'ASSOZIIERT');

INSERT INTO ITYX_CX_DEV.NEWDB_ASSET (CUSTOMER_ID, CONTRACT_ID, SERIAL_NUMBER, STATUS) 
VALUES ('1404913109', '2518484', '11109004045265', 'NEU');

INSERT INTO ITYX_CX_DEV.NEWDB_ASSET (CUSTOMER_ID, CONTRACT_ID, SERIAL_NUMBER, STATUS) 
VALUES ('1203634913', '1572673', '027624732537', 'ASSOZIIERT');

INSERT INTO ITYX_CX_DEV.NEWDB_ASSET (CUSTOMER_ID, CONTRACT_ID, SERIAL_NUMBER, STATUS) 
VALUES ('6005021562', '5799576', '027669473233', 'ASSOZIIERT');

INSERT INTO ITYX_CX_DEV.NEWDB_ASSET (CUSTOMER_ID, CONTRACT_ID, SERIAL_NUMBER, STATUS) 
VALUES ('6005021562', '5799576', '21104006656782', 'NEU');

INSERT INTO ITYX_CX_DEV.NEWDB_ASSET (CUSTOMER_ID, CONTRACT_ID, SERIAL_NUMBER, STATUS) 
VALUES ('4204641967', '2292870', '027673705262', 'ASSOZIIERT');

INSERT INTO ITYX_CX_DEV.NEWDB_ASSET (CUSTOMER_ID, CONTRACT_ID, SERIAL_NUMBER, STATUS) 
VALUES ('4204641967', '2292870', '21104008968298', 'NEU');

INSERT INTO ITYX_CX_DEV.NEWDB_ASSET (CUSTOMER_ID, CONTRACT_ID, SERIAL_NUMBER, STATUS) 
VALUES ('4640003609', '11005131', '30000021243225', 'FALSCHE ZUWEISUNG');

